Makanan,Karbohidrat,Protein,Sayur,Pengolahan
Sosis Bakar,Tidak ada,Ayam dan daging,Tidak,Panggang atau bakar
Ngohiong Ayam Udang,Tidak ada,Lainnya,Tidak,Goreng atau tumis
Rawon Ayam,Tidak ada,Ayam dan daging,Ya,Rebus atau kukus
Usus Goreng Crispy,Tidak ada,Ayam dan daging,Tidak,Goreng atau tumis
Ceker Rica Rica,Tidak ada,Ayam dan daging,Tidak,Goreng atau tumis
Ceker Kecap Pedas,Tidak ada,Ayam dan daging,Tidak,Goreng atau tumis
Ayam Suwir Kecap,Tidak ada,Ayam dan daging,Tidak,Goreng atau tumis
Burung Puyuh Bakar,Tidak ada,Lainnya,Tidak,Panggang atau bakar
Dangkot Ayam,Tidak ada,Ayam dan daging,Tidak,Rebus atau kukus
Ayam Bumbu Merah,Tidak ada,Ayam dan daging,Tidak,Rebus atau kukus
Pempek Ayam,"Tepung, Mie, dan Pasta",Ayam dan daging,Tidak,Rebus atau kukus
Ngohiong Ayam,"Tepung, Mie, dan Pasta",Ayam dan daging,Tidak,Goreng atau tumis
Rica Rica Bebek,Tidak ada,Lainnya,Tidak,Rebus atau kukus
Ayam Rujak Tanpa Santan,Tidak ada,Ayam dan daging,Tidak,Rebus atau kukus
Daging Goreng,Tidak ada,Ayam dan daging,Tidak,Goreng atau tumis
Asam Pedas (Padeh) Daging,Tidak ada,Ayam dan daging,Tidak,Rebus atau kukus
Tongseng Kambing Tanpa Santan,Tidak ada,Ayam dan daging,Tidak,Rebus atau kukus
Saksang Ayam,Tidak ada,Ayam dan daging,Tidak,Rebus atau kukus
Ayam Goreng Madu,Tidak ada,Ayam dan daging,Tidak,Goreng atau tumis
Ayam Kecap,Tidak ada,Ayam dan daging,Tidak,Rebus atau kukus
Ayam Geprek Keju,Tidak ada,Ayam dan daging,Tidak,Goreng atau tumis
Chicken Basil Thai,Tidak ada,Ayam dan daging,Ya,Goreng atau tumis
Dumpling Ayam Kukus,Tidak ada,Ayam dan daging,Tidak,Rebus atau kukus
Tangsuyuk Sapi,Tidak ada,Ayam dan daging,Tidak,Goreng atau tumis
Kekian Ayam Udang,Tidak ada,Lainnya,Tidak,Goreng atau tumis
Yakitori Ayam,Tidak ada,Ayam dan daging,Tidak,Panggang atau bakar
Ayam Telur Asin,Tidak ada,Lainnya,Tidak,Goreng atau tumis
Ayam Kuah Hitam,Tidak ada,Ayam dan daging,Tidak,Rebus atau kukus
Korean Spicy Chicken,Tidak ada,Ayam dan daging,Tidak,Goreng atau tumis
Nasi Jinggo,Beras dan olahannya,Lainnya,Tidak,Lainnya
Bubur Ayam Quaker Oat,Lainnya,Ayam dan daging,Tidak,Rebus atau kukus
Lidah Sapi Cabe hijau,Tidak ada,Ayam dan daging,Tidak,Goreng atau tumis
Ayam Goreng Oatmeal,Lainnya,Ayam dan daging,Tidak,Goreng atau tumis
Burrito Ayam,"Tepung, Mie, dan Pasta",Ayam dan daging,Ya,Panggang atau bakar
Ayam Kecap Kuah,Tidak ada,Ayam dan daging,Tidak,Rebus atau kukus
Ayam Kecap Pedas,Tidak ada,Ayam dan daging,Tidak,Rebus atau kukus
Ayam Bumbu Rajang (Khas Lombok),Tidak ada,Ayam dan daging,Tidak,Rebus atau kukus
Gore Gore,Lainnya,Ayam dan daging,Tidak,Goreng atau tumis
Bakso Keju,"Tepung, Mie, dan Pasta",Lainnya,Ya,Rebus atau kukus
Tum Ayam,Tidak ada,Ayam dan daging,Tidak,Rebus atau kukus
Ayam Bakar Lumajang,Tidak ada,Ayam dan daging,Ya,Panggang atau bakar
Ayam Bakar Bumbu Rujak,Tidak ada,Ayam dan daging,Tidak,Panggang atau bakar
Ayam Panggang Pecel,Tidak ada,Ayam dan daging,Ya,Panggang atau bakar
Nasi Briyani Ayam,Beras dan olahannya,Ayam dan daging,Ya,Rebus atau kukus
Ayam Kodok,Tidak ada,Ayam dan daging,Tidak,Lainnya
Sepat Ayam,Tidak ada,Ayam dan daging,Ya,Panggang atau bakar
Tahu Campur,Beras dan olahannya,"Tahu, tempe, dan telur",Ya,Rebus atau kukus
Ayam Kecap Jahe,Tidak ada,Ayam dan daging,Tidak,Rebus atau kukus
Daging Bumbu Bali,Tidak ada,Ayam dan daging,Tidak,Rebus atau kukus
Ayam Bakar Klaten,Tidak ada,Ayam dan daging,Tidak,Panggang atau bakar
Ayam Goreng Cabe,Tidak ada,Ayam dan daging,Tidak,Panggang atau bakar
Ayam Kare Jawa,Tidak ada,Ayam dan daging,Tidak,Rebus atau kukus
Ayam Goreng Sasando,Tidak ada,Ayam dan daging,Tidak,Goreng atau tumis
Kalio Daging Sapi,Tidak ada,Ayam dan daging,Tidak,Rebus atau kukus
Tumis Ayam Cincang Nanas Paprika,Tidak ada,Ayam dan daging,Ya,Goreng atau tumis
Tim Telur Daging,Tidak ada,Lainnya,Tidak,Rebus atau kukus
Sate Ponorogo,Tidak ada,Ayam dan daging,Tidak,Panggang atau bakar
Ayam Rebus Bumbu,Tidak ada,Ayam dan daging,Tidak,Rebus atau kukus
Ayam Saus Inggris,Tidak ada,Ayam dan daging,Tidak,Goreng atau tumis
Ayam Tangkap,Tidak ada,Ayam dan daging,Tidak,Goreng atau tumis
Nasi Bebek,Beras dan olahannya,Lainnya,Ya,Goreng atau tumis
Sayap Ayam Isi,Tidak ada,Ayam dan daging,Ya,Goreng atau tumis
Sop Buntut Bakar,Tidak ada,Ayam dan daging,Ya,Rebus atau kukus
Siomay Udang Kuah Kaldu,Lainnya,Ikan dan Seafood,Tidak,Rebus atau kukus
Batagor Kuah,"Tepung, Mie, dan Pasta",Lainnya,Ya,Goreng atau tumis
Ayam Goreng Bawang,Tidak ada,Ayam dan daging,Tidak,Goreng atau tumis
Ayam Goreng Terasi,Tidak ada,Ayam dan daging,Tidak,Goreng atau tumis
Ayam Suwir Cabe Ijo,Tidak ada,Ayam dan daging,Tidak,Goreng atau tumis
Ayam Panggang Madu,Tidak ada,Ayam dan daging,Tidak,Panggang atau bakar
Ayam Panggang Lada Hitam,Tidak ada,Ayam dan daging,Tidak,Panggang atau bakar
Dendeng Lambok,Tidak ada,Ayam dan daging,Tidak,Goreng atau tumis
Oseng Tahu Udang,Tidak ada,Lainnya,Tidak,Goreng atau tumis
Pallu Basa,Tidak ada,Ayam dan daging,Tidak,Rebus atau kukus
Egg Chicken Roll,Tidak ada,Lainnya,Tidak,Goreng atau tumis
Itiak Lado Mudo (Bebek Cabe Ijo),Tidak ada,Lainnya,Tidak,Goreng atau tumis
Tengkleng,Tidak ada,Ayam dan daging,Ya,Rebus atau kukus
Sate Padang,Beras dan olahannya,Ayam dan daging,Tidak,Panggang atau bakar
Ayam Jerit,Tidak ada,Ayam dan daging,Tidak,Goreng atau tumis
Tumis Daging Sapi Cabe Ijo,Tidak ada,Ayam dan daging,Ya,Goreng atau tumis
Kalio Ayam,Tidak ada,Ayam dan daging,Tidak,Rebus atau kukus
Iga Penyet,Tidak ada,Ayam dan daging,Tidak,Goreng atau tumis
Sambal Goreng Hati Sapi,Tidak ada,Ayam dan daging,Tidak,Goreng atau tumis
Ayam Pelalah,Tidak ada,Ayam dan daging,Tidak,Goreng atau tumis
Krengsengan Daging Sapi,Tidak ada,Ayam dan daging,Tidak,Goreng atau tumis
Ayam Bekakak,Tidak ada,Ayam dan daging,Tidak,Panggang atau bakar
Ekkado,Tidak ada,Lainnya,Tidak,Goreng atau tumis
Gadon Daging,Tidak ada,Ayam dan daging,Tidak,Rebus atau kukus
Gulai Iga Sapi,Tidak ada,Ayam dan daging,Tidak,Rebus atau kukus
Ayam Saus Lemon,Tidak ada,Ayam dan daging,Tidak,Goreng atau tumis
Bistik Lidah Sapi,Lainnya,Ayam dan daging,Ya,Rebus atau kukus
Kebab,Lainnya,Ayam dan daging,Ya,Panggang atau bakar
Ayam Barbeque,Tidak ada,Ayam dan daging,Tidak,Panggang atau bakar
Ayam Lodho,Tidak ada,Ayam dan daging,Tidak,Rebus atau kukus
Ayam Gepuk,Tidak ada,Ayam dan daging,Tidak,Goreng atau tumis
Ayam Goreng KFC Krispi,Tidak ada,Ayam dan daging,Tidak,Goreng atau tumis
Ayam Gongso,Tidak ada,Ayam dan daging,Tidak,Goreng atau tumis
Spicy Chicken Wings (Richeese),Tidak ada,Ayam dan daging,Tidak,Goreng atau tumis
Bebek Madura,Tidak ada,Lainnya,Tidak,Goreng atau tumis
Paru Goreng,Tidak ada,Ayam dan daging,Tidak,Goreng atau tumis
Pindang Daging Kudus,Tidak ada,Ayam dan daging,Tidak,Rebus atau kukus
Bebek Kaleyo,Tidak ada,Ayam dan daging,Tidak,Goreng atau tumis
Sate Maranggi,Tidak ada,Ayam dan daging,Tidak,Panggang atau bakar
Ayam Wijen Saus Mentega,Tidak ada,Ayam dan daging,Tidak,Goreng atau tumis
Babat Gongso,Tidak ada,Ayam dan daging,Tidak,Goreng atau tumis
Ayam Kecap Goreng Mentega,Tidak ada,Ayam dan daging,Tidak,Goreng atau tumis
Kari Kambing,Lainnya,Ayam dan daging,Tidak,Rebus atau kukus
Mie Kangkung Ayam,"Tepung, Mie, dan Pasta",Ayam dan daging,Ya,Rebus atau kukus
Sambal Goreng Krecek,Tidak ada,Ayam dan daging,Tidak,Goreng atau tumis
Gyoza,"Tepung, Mie, dan Pasta",Lainnya,Ya,Rebus atau kukus
Sate Klopo,Tidak ada,Ayam dan daging,Tidak,Panggang atau bakar
Sop Ceker,Tidak ada,Ayam dan daging,Ya,Rebus atau kukus
Sempol Ikan Tenggiri,"Tepung, Mie, dan Pasta",Ikan dan Seafood,Tidak,Goreng atau tumis
Bebek Goreng Surabaya,Tidak ada,Lainnya,Tidak,Goreng atau tumis
Ayam Kemangi,Tidak ada,Ayam dan daging,Ya,Rebus atau kukus
Ayam Pok Pok,Tidak ada,Ayam dan daging,Tidak,Goreng atau tumis
Ayam Geprek (Tanpa Tepung),Tidak ada,Ayam dan daging,Tidak,Goreng atau tumis
Ayam Geprek Jogja,"Tepung, Mie, dan Pasta",Ayam dan daging,Tidak,Goreng atau tumis
Bulgogi,Tidak ada,Ayam dan daging,Tidak,Goreng atau tumis
Ayam Penyet,Tidak ada,Ayam dan daging,Tidak,Goreng atau tumis
Dim Sum Ceker Ayam,"Tepung, Mie, dan Pasta",Ayam dan daging,Ya,Rebus atau kukus
Tumis Buncis Daging Giling,Tidak ada,Ayam dan daging,Ya,Goreng atau tumis
Ayam Goreng Tulang Lunak,Tidak ada,Ayam dan daging,Tidak,Goreng atau tumis
Ayam Goreng Kalasan,Tidak ada,Ayam dan daging,Tidak,Goreng atau tumis
Sate Kambing,Tidak ada,Ayam dan daging,Tidak,Panggang atau bakar
Pindang Tulang Iga,Tidak ada,Ayam dan daging,Ya,Rebus atau kukus
Ayam Bakar Padang,Tidak ada,Ayam dan daging,Tidak,Panggang atau bakar
Ayam Sambal Matah,Tidak ada,Ayam dan daging,Ya,Goreng atau tumis
Ayam Lada Hitam,Tidak ada,Ayam dan daging,Tidak,Goreng atau tumis
Ayam Bakar Bumbu Bali,Tidak ada,Ayam dan daging,Tidak,Panggang atau bakar
Bakso Ayam,"Tepung, Mie, dan Pasta",Ayam dan daging,Tidak,Rebus atau kukus
Brongkos,Tidak ada,Ayam dan daging,Ya,Rebus atau kukus
Abon Sapi,Tidak ada,Ayam dan daging,Tidak,Goreng atau tumis
Ayam Bakar Bumbu Kuning,Tidak ada,Ayam dan daging,Tidak,Panggang atau bakar
Galantin Ayam,Tidak ada,Ayam dan daging,Tidak,Rebus atau kukus
Ayam Nasu Palekko,Tidak ada,Ayam dan daging,Tidak,Goreng atau tumis
Bistik Ayam,Lainnya,Ayam dan daging,Ya,Rebus atau kukus
Gulai Ayam Padang,Tidak ada,Ayam dan daging,Tidak,Rebus atau kukus
Rendang Ayam,Tidak ada,Ayam dan daging,Tidak,Rebus atau kukus
Semur Hati Ampela Ayam,Tidak ada,Ayam dan daging,Tidak,Rebus atau kukus
Ayam Bakar Kecap,Tidak ada,Ayam dan daging,Tidak,Panggang atau bakar
Opor Ayam Putih,Tidak ada,Ayam dan daging,Tidak,Rebus atau kukus
Galantin Daging Sapi,Tidak ada,Ayam dan daging,Tidak,Rebus atau kukus
Pecel Ayam,Beras dan olahannya,Ayam dan daging,Ya,Goreng atau tumis
Ayam Taliwang,Tidak ada,Ayam dan daging,Tidak,Goreng atau tumis
Sambal Goreng Ati Ampela,Tidak ada,Ayam dan daging,Tidak,Goreng atau tumis
Ayam Karage,"Tepung, Mie, dan Pasta",Ayam dan daging,Tidak,Goreng atau tumis
Ayam Nanking,"Tepung, Mie, dan Pasta",Ayam dan daging,Ya,Goreng atau tumis
Rendang Daging Sapi Padang,Tidak ada,Ayam dan daging,Tidak,Rebus atau kukus
Sop Saudara,Lainnya,Ayam dan daging,Ya,Rebus atau kukus
Ayam Kremes,Tidak ada,Ayam dan daging,Tidak,Goreng atau tumis
Usus Ayam Tumis Pedas Manis,Tidak ada,Ayam dan daging,Tidak,Goreng atau tumis
Ayam Kungpao,Tidak ada,Ayam dan daging,Tidak,Goreng atau tumis
Terik Daging Tahu Tempe,Tidak ada,Lainnya,Tidak,Rebus atau kukus
Beef Steak Tenderloin Blackpepper Sauce,Tidak ada,Ayam dan daging,Tidak,Panggang atau bakar
Chicken (Ayam) Teriyaki,Tidak ada,Ayam dan daging,Tidak,Rebus atau kukus
Ayam Betutu,Tidak ada,Ayam dan daging,Tidak,Rebus atau kukus
Beef Daging Teriyaki,Tidak ada,Ayam dan daging,Tidak,Rebus atau kukus
Steak Ayam Brown Sauce ( Chicken Steak ),Tidak ada,Ayam dan daging,Tidak,Goreng atau tumis
Seblak Ceker,"Tepung, Mie, dan Pasta",Ayam dan daging,Ya,Rebus atau kukus
Ayam Pop,Tidak ada,Ayam dan daging,Tidak,Rebus atau kukus
Tongseng Ayam,Tidak ada,Ayam dan daging,Tidak,Rebus atau kukus
Dendeng Balado,Tidak ada,Ayam dan daging,Tidak,Lainnya
Ayam Balado,Tidak ada,Ayam dan daging,Tidak,Goreng atau tumis
Semur Daging Sapi,Tidak ada,Ayam dan daging,Tidak,Rebus atau kukus
Rolade Daging Sapi,"Tepung, Mie, dan Pasta",Lainnya,Tidak,Goreng atau tumis
Daging Sapi Paprika Lada Hitam,Tidak ada,Ayam dan daging,Ya,Goreng atau tumis
Siomay Ayam Udang Dimsum,"Tepung, Mie, dan Pasta",Lainnya,Ya,Rebus atau kukus
Tongseng Sapi,Tidak ada,Ayam dan daging,Tidak,Rebus atau kukus
Bistik Daging Sapi,Tidak ada,Ayam dan daging,Ya,Rebus atau kukus
Ayam Kuluyuk,"Tepung, Mie, dan Pasta",Ayam dan daging,Ya,Goreng atau tumis
Rendang Daging Sapi (Asli Minang),Tidak ada,Ayam dan daging,Tidak,Rebus atau kukus
Ayam Saus Tiram,Tidak ada,Ayam dan daging,Tidak,Goreng atau tumis
Ayam Popcorn,Tidak ada,Ayam dan daging,Tidak,Goreng atau tumis
Kikil Sapi Oseng Cabe Hijau,Tidak ada,Ayam dan daging,Tidak,Goreng atau tumis
Sate Taichan,Tidak ada,Ayam dan daging,Tidak,Panggang atau bakar
Rawon,Tidak ada,Ayam dan daging,Ya,Rebus atau kukus
Nugget Ayam,"Tepung, Mie, dan Pasta",Ayam dan daging,Tidak,Goreng atau tumis
Ayam Rica-Rica,Tidak ada,Ayam dan daging,Tidak,Goreng atau tumis
Ayam Kecap Padang,Tidak ada,Ayam dan daging,Tidak,Goreng atau tumis
Ayam Cabe Ijo,Tidak ada,Ayam dan daging,Tidak,Goreng atau tumis
Gulai Kambing,Tidak ada,Ayam dan daging,Tidak,Rebus atau kukus
Ayam Goreng Lengkuas,Tidak ada,Ayam dan daging,Tidak,Goreng atau tumis
Asem-Asem Daging,Tidak ada,Ayam dan daging,Ya,Rebus atau kukus
Ayam Goreng Tepung,"Tepung, Mie, dan Pasta",Ayam dan daging,Tidak,Goreng atau tumis
Ayam Woku,Tidak ada,Ayam dan daging,Ya,Rebus atau kukus
Ayam Suwir Pedas Bali,Tidak ada,Ayam dan daging,Tidak,Goreng atau tumis
Pepes Ayam,Tidak ada,Ayam dan daging,Tidak,Rebus atau kukus
Ayam Goreng Kecap,Tidak ada,Ayam dan daging,Tidak,Goreng atau tumis
Chicken Katsu,"Tepung, Mie, dan Pasta",Ayam dan daging,Tidak,Goreng atau tumis
Beef Yakiniku,Tidak ada,Ayam dan daging,Tidak,Goreng atau tumis
Ceker Ayam Pedas,Tidak ada,Ayam dan daging,Tidak,Rebus atau kukus
Ayam Bakar Madu,Tidak ada,Ayam dan daging,Tidak,Panggang atau bakar
Semur Ayam,Tidak ada,Ayam dan daging,Tidak,Rebus atau kukus
Ayam Serundeng,Tidak ada,Ayam dan daging,Tidak,Goreng atau tumis
Sate Lilit,Tidak ada,Ikan dan Seafood,Tidak,Panggang atau bakar
Chicken Cordon Bleu,"Tepung, Mie, dan Pasta",Ayam dan daging,Ya,Goreng atau tumis
Selat Solo,Lainnya,Lainnya,Ya,Lainnya
Empal Gentong,Lainnya,Ayam dan daging,Ya,Rebus atau kukus
Krengsengan Kambing,Tidak ada,Ayam dan daging,Tidak,Goreng atau tumis
Nasi Bakar Ayam Kemangi,Beras dan olahannya,Ayam dan daging,Ya,Panggang atau bakar
Nasi Gandul,Beras dan olahannya,Ayam dan daging,Tidak,Lainnya
Mie Sop Medan,"Tepung, Mie, dan Pasta",Ayam dan daging,Ya,Rebus atau kukus
Koloke Ayam,"Tepung, Mie, dan Pasta",Ayam dan daging,Ya,Lainnya
Tongseng Kambing,Tidak ada,Ayam dan daging,Ya,Rebus atau kukus
Ayam Tuturuga,Tidak ada,Ayam dan daging,Ya,Rebus atau kukus
Sate Komoh,Tidak ada,Ayam dan daging,Tidak,Panggang atau bakar
Rabeg Daging Sapi,Tidak ada,Ayam dan daging,Tidak,Rebus atau kukus
Hamburger Daging,"Tepung, Mie, dan Pasta",Ayam dan daging,Ya,Panggang atau bakar
Garang Asem Ayam,Tidak ada,Ayam dan daging,Ya,Rebus atau kukus
Empal Gepuk,Tidak ada,Ayam dan daging,Tidak,Lainnya
Sate Ayam Madura,Tidak ada,Ayam dan daging,Tidak,Panggang atau bakar
Ayam Goreng Padang,Tidak ada,Ayam dan daging,Tidak,Goreng atau tumis
Daging Malbi Semur,Tidak ada,Ayam dan daging,Tidak,Rebus atau kukus
Dendeng Ragi,Tidak ada,Ayam dan daging,Tidak,Rebus atau kukus
Ayam Asam Manis,Tidak ada,Ayam dan daging,Tidak,Goreng atau tumis
Serundeng Daging,Tidak ada,Ayam dan daging,Tidak,Goreng atau tumis
Ayam Bumbu Rujak Kuah,Tidak ada,Ayam dan daging,Tidak,Rebus atau kukus
Ceker Ayam Mercon,Tidak ada,Ayam dan daging,Tidak,Rebus atau kukus
Iga Bakar Madu,Tidak ada,Ayam dan daging,Tidak,Panggang atau bakar
Sempol Ayam,"Tepung, Mie, dan Pasta",Ayam dan daging,Tidak,Goreng atau tumis
Sate Daging Sapi,Tidak ada,Ayam dan daging,Tidak,Panggang atau bakar
Dendeng Batokok,Tidak ada,Ayam dan daging,Tidak,Rebus atau kukus
Gulai Kikil (Tunjang),Tidak ada,Ayam dan daging,Tidak,Rebus atau kukus
Opor Ayam Kuning,Tidak ada,Ayam dan daging,Tidak,Rebus atau kukus
Oseng Mercon,Tidak ada,Ayam dan daging,Tidak,Goreng atau tumis
Semur Bola Bola Daging,Tidak ada,Ayam dan daging,Tidak,Rebus atau kukus
Kari Ayam,Tidak ada,Ayam dan daging,Tidak,Rebus atau kukus
Kentang Daging Cincang,Lainnya,Ayam dan daging,Tidak,Goreng atau tumis
Rendang Bola Bola Daging,Tidak ada,Ayam dan daging,Tidak,Rebus atau kukus
Ikan Mas Pindang,Tidak ada,Ikan dan Seafood,Tidak,Rebus atau kukus
Ikan Mujair Goreng,Tidak ada,Ikan dan Seafood,Tidak,Goreng atau tumis
Ikan Bandeng Asam Manis,Tidak ada,Ikan dan Seafood,Tidak,Rebus atau kukus
Ikan Mas Bakar,Tidak ada,Ikan dan Seafood,Tidak,Panggang atau bakar
Ikan Mas Pesmol,Tidak ada,Ikan dan Seafood,Tidak,Lainnya
Ikan Bandeng Goreng,Tidak ada,Ikan dan Seafood,Tidak,Goreng atau tumis
Ikan Bandeng Pepes,Tidak ada,Ikan dan Seafood,Tidak,Rebus atau kukus
Ikan Mas Goreng,Tidak ada,Ikan dan Seafood,Tidak,Goreng atau tumis
Ikan Bandeng Gulai,Tidak ada,Ikan dan Seafood,Tidak,Rebus atau kukus
Ikan Kembung Pesmol,Tidak ada,Ikan dan Seafood,Tidak,Lainnya
Pepes Ikan Tongkol,Tidak ada,Ikan dan Seafood,Tidak,Rebus atau kukus
Pempek Panggang,"Tepung, Mie, dan Pasta",Ikan dan Seafood,Tidak,Panggang atau bakar
Gulai Ikan Mas,Tidak ada,Ikan dan Seafood,Tidak,Rebus atau kukus
Odeng Kuah Korea,"Tepung, Mie, dan Pasta",Ikan dan Seafood,Tidak,Rebus atau kukus
Ikan Nila Goreng,Tidak ada,Ikan dan Seafood,Tidak,Goreng atau tumis
Gulai Ikan Nila,Tidak ada,Ikan dan Seafood,Tidak,Rebus atau kukus
Pepes Ikan Nila,Tidak ada,Ikan dan Seafood,Tidak,Rebus atau kukus
Ikan Selar Bumbu Kuning,Tidak ada,Ikan dan Seafood,Tidak,Rebus atau kukus
Ikan Nila Asam Manis,Tidak ada,Ikan dan Seafood,Tidak,Rebus atau kukus
Rajungan Saus Padang,Tidak ada,Ikan dan Seafood,Tidak,Rebus atau kukus
Salmon Mentai,Tidak ada,Ikan dan Seafood,Tidak,Panggang atau bakar
Nasi Bakar Ikan Cakalang,Beras dan olahannya,Ikan dan Seafood,Ya,Panggang atau bakar
Sambal Cumi Pete Pedas,Tidak ada,Ikan dan Seafood,Ya,Goreng atau tumis
Pindang Bumbu Sarden,Tidak ada,Ikan dan Seafood,Tidak,Rebus atau kukus
Bakso Udang Goreng,"Tepung, Mie, dan Pasta",Lainnya,Tidak,Goreng atau tumis
Belut Goreng,Tidak ada,Ikan dan Seafood,Tidak,Goreng atau tumis
Kerang Hijau Balado,Tidak ada,Ikan dan Seafood,Tidak,Rebus atau kukus
Kerang Dara Saus Pedas,Tidak ada,Ikan dan Seafood,Tidak,Rebus atau kukus
Tuna Bakar Kecap,Tidak ada,Ikan dan Seafood,Tidak,Panggang atau bakar
Poke Bowl Salmon,Tidak ada,Ikan dan Seafood,Ya,Lainnya
Sate Bandeng,Tidak ada,Ikan dan Seafood,Tidak,Panggang atau bakar
Patin Bakar,Tidak ada,Ikan dan Seafood,Tidak,Panggang atau bakar
Udang Saus Padang,Tidak ada,Ikan dan Seafood,Tidak,Rebus atau kukus
Otak Otak Bandeng,Lainnya,Ikan dan Seafood,Tidak,Lainnya
Lumpia Vietnam,"Tepung, Mie, dan Pasta",Ikan dan Seafood,Ya,Lainnya
Gulai Ikan Tongkol,Tidak ada,Ikan dan Seafood,Tidak,Rebus atau kukus
Cilok Ikan,"Tepung, Mie, dan Pasta",Ikan dan Seafood,Tidak,Rebus atau kukus
Jambal Roti Tumis,"Tepung, Mie, dan Pasta",Ikan dan Seafood,Tidak,Rebus atau kukus
Tongkol Suwir Lombok Ijo,Tidak ada,Ikan dan Seafood,Tidak,Goreng atau tumis
Rajungan Asam Manis,Tidak ada,Ikan dan Seafood,Tidak,Goreng atau tumis
Tulang Jambal Cabe,Tidak ada,Ikan dan Seafood,Tidak,Goreng atau tumis
Udang Cabe Garam,Tidak ada,Ikan dan Seafood,Tidak,Goreng atau tumis
Bola Bola Udang Roti,"Tepung, Mie, dan Pasta",Lainnya,Tidak,Goreng atau tumis
Rolade Ikan,"Tepung, Mie, dan Pasta",Lainnya,Tidak,Goreng atau tumis
Lele Goreng Kremes,Tidak ada,Ikan dan Seafood,Tidak,Goreng atau tumis
Udang Saus Inggris,Tidak ada,Ikan dan Seafood,Tidak,Rebus atau kukus
Kerang Hijau Rebus,Tidak ada,Ikan dan Seafood,Tidak,Rebus atau kukus
Ikan Salai Asap Balado,Tidak ada,Ikan dan Seafood,Tidak,Goreng atau tumis
Sambal Tongkol,Tidak ada,Ikan dan Seafood,Tidak,Goreng atau tumis
Siomay Ikan Bandung,"Tepung, Mie, dan Pasta",Ikan dan Seafood,Tidak,Rebus atau kukus
Sate Kerang,Tidak ada,Ikan dan Seafood,Tidak,Panggang atau bakar
Ikan Gurame Bakar Bumbu Bali,Tidak ada,Ikan dan Seafood,Tidak,Panggang atau bakar
Gurame Bumbu Rujak,Tidak ada,Ikan dan Seafood,Tidak,Goreng atau tumis
Tenggiri Lempah Kuning,Tidak ada,Ikan dan Seafood,Tidak,Rebus atau kukus
Cakalang Fufu Pampis,Tidak ada,Ikan dan Seafood,Tidak,Goreng atau tumis
Ikan Bawal Bumbu Kuning,Tidak ada,Ikan dan Seafood,Tidak,Rebus atau kukus
Kakap Bumbu Kuning,Tidak ada,Ikan dan Seafood,Tidak,Rebus atau kukus
Pempek Sutra,"Tepung, Mie, dan Pasta",Ikan dan Seafood,Tidak,Rebus atau kukus
Sambal Goreng Kentang Udang,Tidak ada,Ikan dan Seafood,Tidak,Goreng atau tumis
Pempek Lenggang,"Tepung, Mie, dan Pasta",Ikan dan Seafood,Tidak,Rebus atau kukus
Kepiting Saus Padang,Tidak ada,Ikan dan Seafood,Tidak,Rebus atau kukus
Cumi Goreng Mentega,Tidak ada,Ikan dan Seafood,Tidak,Goreng atau tumis
Gulai Kakap,Tidak ada,Ikan dan Seafood,Tidak,Rebus atau kukus
Kerang Dara Asam Manis,Tidak ada,Ikan dan Seafood,Tidak,Goreng atau tumis
Bandeng Bakar,Tidak ada,Ikan dan Seafood,Tidak,Panggang atau bakar
Nugget Ikan,"Tepung, Mie, dan Pasta",Ikan dan Seafood,Tidak,Goreng atau tumis
Hakau,"Tepung, Mie, dan Pasta",Ikan dan Seafood,Ya,Rebus atau kukus
Ikan Gabus Pucung,Tidak ada,Ikan dan Seafood,Ya,Lainnya
Pempek Kulit,"Tepung, Mie, dan Pasta",Ikan dan Seafood,Tidak,Rebus atau kukus
Sate Ikan Tongkol,Tidak ada,Ikan dan Seafood,Tidak,Panggang atau bakar
Ikan Gurame Bakar Madu,Tidak ada,Ikan dan Seafood,Tidak,Panggang atau bakar
Pindang Serani,Tidak ada,Ikan dan Seafood,Tidak,Rebus atau kukus
Ikan Bawal Bakar,Tidak ada,Ikan dan Seafood,Tidak,Panggang atau bakar
Pepes Udang,Tidak ada,Ikan dan Seafood,Tidak,Rebus atau kukus
Pempek Lenjer,"Tepung, Mie, dan Pasta",Ikan dan Seafood,Tidak,Rebus atau kukus
Ikan Salem Bumbu Sarden,Tidak ada,Ikan dan Seafood,Tidak,Rebus atau kukus
Salmon Teriyaki,Tidak ada,Ikan dan Seafood,Tidak,Rebus atau kukus
Lele Bakar,Tidak ada,Ikan dan Seafood,Tidak,Panggang atau bakar
Udang Pete Balado,Tidak ada,Ikan dan Seafood,Ya,Rebus atau kukus
Gulai Cumi Isi Telur,Tidak ada,Lainnya,Tidak,Rebus atau kukus
Bakso Ikan,"Tepung, Mie, dan Pasta",Ikan dan Seafood,Tidak,Rebus atau kukus
Pangek Ikan Nila,Tidak ada,Ikan dan Seafood,Ya,Rebus atau kukus
Kerang Dara Rebus,Tidak ada,Ikan dan Seafood,Tidak,Rebus atau kukus
Bakso Udang Rebus,"Tepung, Mie, dan Pasta",Ikan dan Seafood,Tidak,Rebus atau kukus
Ikan Tenggiri Bumbu Kuning,Tidak ada,Ikan dan Seafood,Tidak,Rebus atau kukus
Pecak Lele,Tidak ada,Ikan dan Seafood,Ya,Goreng atau tumis
Pepes Peda,Tidak ada,Ikan dan Seafood,Tidak,Rebus atau kukus
Pempek Kapal Selam,"Tepung, Mie, dan Pasta",Ikan dan Seafood,Tidak,Rebus atau kukus
Sambal Udang Goreng Petai,Tidak ada,Ikan dan Seafood,Ya,Goreng atau tumis
Udang Bakar Madu,Tidak ada,Ikan dan Seafood,Tidak,Panggang atau bakar
Gulai Aceh Ikan Tongkol,Tidak ada,Ikan dan Seafood,Tidak,Rebus atau kukus
Ikan Kerapu Asam Manis,Tidak ada,Ikan dan Seafood,Tidak,Goreng atau tumis
Tim Ikan Kakap,Tidak ada,Ikan dan Seafood,Tidak,Rebus atau kukus
Kapurung,"Tepung, Mie, dan Pasta",Ikan dan Seafood,Ya,Rebus atau kukus
Ikan Tongkol Bumbu Kuning,Tidak ada,Ikan dan Seafood,Tidak,Rebus atau kukus
Pindang Tongkol Balado,Tidak ada,Ikan dan Seafood,Tidak,Rebus atau kukus
Asam Padeh Ikan Patin,Tidak ada,Ikan dan Seafood,Tidak,Rebus atau kukus
Cumi Asam Manis Basah,Tidak ada,Ikan dan Seafood,Tidak,Rebus atau kukus
Udang Goreng Mentega,Tidak ada,Ikan dan Seafood,Tidak,Goreng atau tumis
Sarden Homemade,Tidak ada,Ikan dan Seafood,Tidak,Rebus atau kukus
Garang Asem Ikan,Tidak ada,Ikan dan Seafood,Ya,Rebus atau kukus
Arsik Ikan Mas,Tidak ada,Ikan dan Seafood,Ya,Rebus atau kukus
Ikan Asap Santan,Tidak ada,Ikan dan Seafood,Tidak,Rebus atau kukus
Palumara Bandeng,Tidak ada,Ikan dan Seafood,Tidak,Rebus atau kukus
Asam Padeh Ikan Tongkol,Tidak ada,Ikan dan Seafood,Tidak,Rebus atau kukus
Semur Bandeng,Tidak ada,Ikan dan Seafood,Tidak,Rebus atau kukus
Balado Ikan Kembung,Tidak ada,Ikan dan Seafood,Tidak,Goreng atau tumis
Abon Ikan Tongkol,Tidak ada,Ikan dan Seafood,Tidak,Goreng atau tumis
Ikan Kakap Asam Manis,Tidak ada,Ikan dan Seafood,Tidak,Rebus atau kukus
Otak-Otak Goreng,"Tepung, Mie, dan Pasta",Ikan dan Seafood,Tidak,Goreng atau tumis
Udang Asam Manis,Tidak ada,Ikan dan Seafood,Tidak,Goreng atau tumis
Abon Tuna,Tidak ada,Ikan dan Seafood,Tidak,Goreng atau tumis
Pempek Adaan,"Tepung, Mie, dan Pasta",Ikan dan Seafood,Tidak,Rebus atau kukus
Pepes Ikan Mas Khas Sunda,Tidak ada,Ikan dan Seafood,Tidak,Rebus atau kukus
Ikan Woku Belanga,Tidak ada,Ikan dan Seafood,Tidak,Rebus atau kukus
Gulai Ikan Tenggiri,Tidak ada,Ikan dan Seafood,Tidak,Rebus atau kukus
Ikan Mujair Bakar Kecap,Tidak ada,Ikan dan Seafood,Tidak,Panggang atau bakar
Ikan Gurame Asam Manis,Tidak ada,Ikan dan Seafood,Tidak,Goreng atau tumis
Udang Saos Tiram,Tidak ada,Ikan dan Seafood,Tidak,Rebus atau kukus
Pecel Lele,Tidak ada,Ikan dan Seafood,Ya,Goreng atau tumis
Sambal Goreng Kering Teri Kacang,Tidak ada,Ikan dan Seafood,Tidak,Goreng atau tumis
Pesmol Ikan Nila,Tidak ada,Ikan dan Seafood,Tidak,Lainnya
Ikan Bandeng Presto,Tidak ada,Ikan dan Seafood,Tidak,Lainnya
Ikan Kembung Goreng Bumbu Kuning,Tidak ada,Ikan dan Seafood,Tidak,Goreng atau tumis
Cumi Goreng Tepung (Calamari),"Tepung, Mie, dan Pasta",Ikan dan Seafood,Tidak,Goreng atau tumis
Cumi Saus Padang,Tidak ada,Ikan dan Seafood,Tidak,Rebus atau kukus
Udang Goreng Tepung (Ebi Furai),"Tepung, Mie, dan Pasta",Ikan dan Seafood,Tidak,Goreng atau tumis
Pepes Ikan Kembung,Tidak ada,Ikan dan Seafood,Tidak,Rebus atau kukus
Pepes Ikan Teri Basah,Tidak ada,Ikan dan Seafood,Tidak,Rebus atau kukus
Pecak Gurame,Tidak ada,Ikan dan Seafood,Tidak,Rebus atau kukus
Kepiting Saus Tiram,Tidak ada,Ikan dan Seafood,Tidak,Rebus atau kukus
Ikan Bandeng Acar Kuning,Tidak ada,Ikan dan Seafood,Ya,Rebus atau kukus
Cumi Telur Asin,Tidak ada,Ikan dan Seafood,Tidak,Goreng atau tumis
Cumi Saus Tiram,Tidak ada,Ikan dan Seafood,Tidak,Rebus atau kukus
Celimpungan,"Tepung, Mie, dan Pasta",Ikan dan Seafood,Tidak,Rebus atau kukus
Kerang Hijau Saus Tiram Pedas,Tidak ada,Ikan dan Seafood,Tidak,Rebus atau kukus
Asem Asem Bandeng,Tidak ada,Ikan dan Seafood,Tidak,Rebus atau kukus
Udang Telur Asin,Tidak ada,Ikan dan Seafood,Tidak,Goreng atau tumis
Mangut Lele,Tidak ada,Ikan dan Seafood,Tidak,Rebus atau kukus
Sup Ikan Patin,Tidak ada,Ikan dan Seafood,Ya,Rebus atau kukus
Cumi Bakar Kecap,Tidak ada,Ikan dan Seafood,Tidak,Panggang atau bakar
Ikan Patin Bumbu Kuning,Tidak ada,Ikan dan Seafood,Tidak,Rebus atau kukus
Fish and Chips,Lainnya,Ikan dan Seafood,Tidak,Goreng atau tumis
Pindang Patin,Tidak ada,Ikan dan Seafood,Tidak,Rebus atau kukus
Gulai Kepala Ikan Kakap,Tidak ada,Ikan dan Seafood,Tidak,Rebus atau kukus
Steak Ikan Dori Panggang Saus Lemon,Lainnya,Ikan dan Seafood,Ya,Panggang atau bakar
Cumi Asin Cabe Hijau,Tidak ada,Ikan dan Seafood,Tidak,Goreng atau tumis
Kotokan Ikan Pe Lombok Ijo,Tidak ada,Ikan dan Seafood,Tidak,Rebus atau kukus
Ikan Nila Bakar,Tidak ada,Ikan dan Seafood,Tidak,Panggang atau bakar
Nasi Bakar Tuna Pedas,Beras dan olahannya,Ikan dan Seafood,Ya,Panggang atau bakar
Amplang Krupuk Ikan,"Tepung, Mie, dan Pasta",Ikan dan Seafood,Tidak,Goreng atau tumis
Kepiting Lada Hitam,Tidak ada,Ikan dan Seafood,Tidak,Goreng atau tumis
Fish Cake,Beras dan olahannya,Ikan dan Seafood,Tidak,Goreng atau tumis
Ikan Tongkol Bumbu Sarden,Tidak ada,Ikan dan Seafood,Tidak,Rebus atau kukus
Pindang Bandeng,Tidak ada,Ikan dan Seafood,Tidak,Rebus atau kukus
Ikan Kembung Bakar Padang,Tidak ada,Ikan dan Seafood,Tidak,Panggang atau bakar
Kepiting Asam Manis,Tidak ada,Ikan dan Seafood,Ya,Goreng atau tumis
Sop Ikan Salmon,Tidak ada,Ikan dan Seafood,Ya,Rebus atau kukus
Kerang Saus Padang,Tidak ada,Ikan dan Seafood,Tidak,Rebus atau kukus
Tumis Cumi Hitam,Tidak ada,Ikan dan Seafood,Tidak,Rebus atau kukus
Gulai Telur Tahu,Tidak ada,"Tahu, tempe, dan telur",Tidak,Rebus atau kukus
Oncom Goreng,"Tepung, Mie, dan Pasta",Lainnya,Tidak,Goreng atau tumis
Keripik Tempe,Tidak ada,"Tahu, tempe, dan telur",Tidak,Goreng atau tumis
Okonomiyaki,"Tepung, Mie, dan Pasta","Tahu, tempe, dan telur",Ya,Goreng atau tumis
Keripik Tahu,Tidak ada,"Tahu, tempe, dan telur",Tidak,Goreng atau tumis
Telur Gulung Sosis,"Tepung, Mie, dan Pasta",Lainnya,Tidak,Goreng atau tumis
Sayur Tahu Kuah Kuning,Tidak ada,"Tahu, tempe, dan telur",Ya,Rebus atau kukus
Tempe Teriyaki,Tidak ada,"Tahu, tempe, dan telur",Tidak,Rebus atau kukus
Nasi Telur Pontianak,Beras dan olahannya,"Tahu, tempe, dan telur",Tidak,Goreng atau tumis
Telur Bacem,Tidak ada,"Tahu, tempe, dan telur",Tidak,Rebus atau kukus
Papeda Gulung,"Tepung, Mie, dan Pasta","Tahu, tempe, dan telur",Tidak,Goreng atau tumis
Opor Telur,Tidak ada,"Tahu, tempe, dan telur",Tidak,Rebus atau kukus
Bola Bola Tahu,Tidak ada,"Tahu, tempe, dan telur",Tidak,Goreng atau tumis
Telur Geprek,"Tepung, Mie, dan Pasta","Tahu, tempe, dan telur",Tidak,Goreng atau tumis
Pempek Dos (Tanpa Ikan),"Tepung, Mie, dan Pasta","Tahu, tempe, dan telur",Tidak,Rebus atau kukus
Telur Balado,Tidak ada,"Tahu, tempe, dan telur",Tidak,Rebus atau kukus
Sambal Tempe,Tidak ada,"Tahu, tempe, dan telur",Tidak,Goreng atau tumis
Tahu Walik,"Tepung, Mie, dan Pasta","Tahu, tempe, dan telur",Tidak,Goreng atau tumis
Tahu Cabe Garam,Tidak ada,"Tahu, tempe, dan telur",Tidak,Goreng atau tumis
Tahu Petis,Tidak ada,"Tahu, tempe, dan telur",Tidak,Goreng atau tumis
Telur Petis,Tidak ada,"Tahu, tempe, dan telur",Tidak,Goreng atau tumis
Orak Arik Telur Sayuran,Tidak ada,"Tahu, tempe, dan telur",Ya,Goreng atau tumis
Omelet Mie,"Tepung, Mie, dan Pasta","Tahu, tempe, dan telur",Tidak,Goreng atau tumis
Pepes Telur Ikan,Tidak ada,Ikan dan Seafood,Tidak,Rebus atau kukus
Tahu Lontong,Beras dan olahannya,"Tahu, tempe, dan telur",Ya,Rebus atau kukus
Omelet Telur,Tidak ada,"Tahu, tempe, dan telur",Tidak,Goreng atau tumis
Kupat Tahu Magelang,Beras dan olahannya,"Tahu, tempe, dan telur",Ya,Rebus atau kukus
Tahu Teriyaki,Tidak ada,"Tahu, tempe, dan telur",Tidak,Rebus atau kukus
Pepes Telur Asin,Tidak ada,"Tahu, tempe, dan telur",Tidak,Rebus atau kukus
Tahu Jeletot,Tidak ada,"Tahu, tempe, dan telur",Ya,Goreng atau tumis
Egg Roll Korea,Tidak ada,"Tahu, tempe, dan telur",Tidak,Goreng atau tumis
Chawanmushi,Tidak ada,"Tahu, tempe, dan telur",Tidak,Rebus atau kukus
Mun Tahu,Tidak ada,"Tahu, tempe, dan telur",Tidak,Rebus atau kukus
Tahu Isi,"Tepung, Mie, dan Pasta","Tahu, tempe, dan telur",Ya,Goreng atau tumis
Telur Bumbu Bali,Tidak ada,"Tahu, tempe, dan telur",Tidak,Rebus atau kukus
Tahu Bakso,"Tepung, Mie, dan Pasta","Tahu, tempe, dan telur",Tidak,Rebus atau kukus
Perkedel Tahu,"Tepung, Mie, dan Pasta","Tahu, tempe, dan telur",Tidak,Goreng atau tumis
Fuyunghai,Tidak ada,"Tahu, tempe, dan telur",Ya,Goreng atau tumis
Tahu Tek Surabaya,Lainnya,"Tahu, tempe, dan telur",Ya,Lainnya
Tahu Bulat,Tidak ada,"Tahu, tempe, dan telur",Tidak,Goreng atau tumis
Martabak Tahu,Tidak ada,"Tahu, tempe, dan telur",Ya,Goreng atau tumis
Tempe Mendoan Purwokerto,"Tepung, Mie, dan Pasta","Tahu, tempe, dan telur",Tidak,Goreng atau tumis
Sapo Tahu,Tidak ada,"Tahu, tempe, dan telur",Ya,Lainnya
Tahu Gejrot,Tidak ada,"Tahu, tempe, dan telur",Tidak,Lainnya
Tahu Rambutan,"Tepung, Mie, dan Pasta","Tahu, tempe, dan telur",Tidak,Goreng atau tumis
Perkedel Tempe,"Tepung, Mie, dan Pasta","Tahu, tempe, dan telur",Tidak,Goreng atau tumis
Tahu Kukus,Tidak ada,"Tahu, tempe, dan telur",Ya,Rebus atau kukus
Bacem Tahu Tempe,Tidak ada,"Tahu, tempe, dan telur",Tidak,Lainnya
Telur Kecap,Tidak ada,"Tahu, tempe, dan telur",Tidak,Goreng atau tumis
Tahu Putih Goreng Garing,"Tepung, Mie, dan Pasta","Tahu, tempe, dan telur",Tidak,Goreng atau tumis
Tahu Telur,Tidak ada,"Tahu, tempe, dan telur",Ya,Lainnya
Pepes Tahu,Tidak ada,"Tahu, tempe, dan telur",Tidak,Rebus atau kukus
Telur Dadar Padang,Tidak ada,"Tahu, tempe, dan telur",Ya,Goreng atau tumis
Tahu Aci Tegal,"Tepung, Mie, dan Pasta","Tahu, tempe, dan telur",Tidak,Goreng atau tumis
Sate Telur Puyuh,Tidak ada,"Tahu, tempe, dan telur",Tidak,Rebus atau kukus
Telur Pindang,Tidak ada,"Tahu, tempe, dan telur",Tidak,Rebus atau kukus
Semur Telur,Tidak ada,"Tahu, tempe, dan telur",Tidak,Rebus atau kukus
Tahu Sarang Burung,Tidak ada,"Tahu, tempe, dan telur",Tidak,Lainnya
Tempe Penyet,Tidak ada,"Tahu, tempe, dan telur",Tidak,Goreng atau tumis
Nugget Tahu,"Tepung, Mie, dan Pasta","Tahu, tempe, dan telur",Tidak,Goreng atau tumis
Rendang Telur,Tidak ada,"Tahu, tempe, dan telur",Tidak,Lainnya
Tahu Fantasi,Tidak ada,"Tahu, tempe, dan telur",Tidak,Goreng atau tumis
Semur Telur Puyuh,Tidak ada,"Tahu, tempe, dan telur",Tidak,Rebus atau kukus
Sambal Tumpang,Tidak ada,"Tahu, tempe, dan telur",Tidak,Rebus atau kukus
Telur Puyuh Balado,Tidak ada,"Tahu, tempe, dan telur",Tidak,Rebus atau kukus
Sayur Tempe Tahu Cabe Hijau,Tidak ada,"Tahu, tempe, dan telur",Tidak,Goreng atau tumis
Tahu Guling,Beras dan olahannya,"Tahu, tempe, dan telur",Ya,Lainnya
Tahu Gimbal Udang,Tidak ada,Lainnya,Ya,Lainnya
Tahu Bubuk,Tidak ada,"Tahu, tempe, dan telur",Tidak,Lainnya
Tumis Buncis Tempe,Tidak ada,"Tahu, tempe, dan telur",Ya,Goreng atau tumis
Salad Sayur,Tidak ada,Tidak ada,Ya,Lainnya
Pecel Madiun,Tidak ada,"Tahu, tempe, dan telur",Ya,Lainnya
Coleslaw,Tidak ada,Tidak ada,Ya,Lainnya
Oseng Pare Telur,Tidak ada,"Tahu, tempe, dan telur",Ya,Goreng atau tumis
Nasi Tim Sayuran,Beras dan olahannya,Ayam dan daging,Ya,Lainnya
Oseng Tempe Cabe Ijo,Tidak ada,"Tahu, tempe, dan telur",Tidak,Goreng atau tumis
Tumis Telur Tauge,Tidak ada,"Tahu, tempe, dan telur",Ya,Goreng atau tumis
Tumis Lobak Putih,Lainnya,Lainnya,Ya,Goreng atau tumis
Sayur Krecek,Tidak ada,Ayam dan daging,Tidak,Rebus atau kukus
Ratatouille,Tidak ada,"Tahu, tempe, dan telur",Ya,Lainnya
Tumis Rebung,Tidak ada,Tidak ada,Ya,Goreng atau tumis
Lontong Tahu Khas Blora,Beras dan olahannya,"Tahu, tempe, dan telur",Ya,Lainnya
Terong Goreng,Tidak ada,Tidak ada,Ya,Goreng atau tumis
Terong Balado,Tidak ada,Tidak ada,Ya,Goreng atau tumis
Tumis Pakis,Tidak ada,Tidak ada,Ya,Goreng atau tumis
Asinan Betawi,Tidak ada,Tidak ada,Ya,Lainnya
Capcay Goreng Jawa,"Tepung, Mie, dan Pasta",Lainnya,Ya,Goreng atau tumis
Rendang Jamur,Tidak ada,Lainnya,Tidak,Lainnya
Tumis Brokoli Kembang Kol,Tidak ada,Tidak ada,Ya,Goreng atau tumis
Tumis Cuciwis Saus Tiram,Tidak ada,Tidak ada,Ya,Goreng atau tumis
Buntil Daun Pepaya,Tidak ada,Lainnya,Ya,Lainnya
Sayur Asem Jawa Timur,Tidak ada,Tidak ada,Ya,Rebus atau kukus
Sayur Bening Sawi,Tidak ada,Tidak ada,Ya,Rebus atau kukus
Sayur Pepaya Muda,Tidak ada,Tidak ada,Ya,Goreng atau tumis
Ote Ote,"Tepung, Mie, dan Pasta",Tidak ada,Ya,Goreng atau tumis
Beberuk Terong,Tidak ada,Tidak ada,Ya,Lainnya
Sayur Asem Jakarta,Tidak ada,Tidak ada,Ya,Rebus atau kukus
Lontong Sayur Betawi,Beras dan olahannya,Tidak ada,Ya,Lainnya
Oseng Tempe Toge,Tidak ada,"Tahu, tempe, dan telur",Ya,Goreng atau tumis
Oseng Tahu Tempe Kecap,Tidak ada,"Tahu, tempe, dan telur",Tidak,Goreng atau tumis
Oseng Labu Siam,Tidak ada,Tidak ada,Ya,Goreng atau tumis
Oseng Tempe Pare,Tidak ada,"Tahu, tempe, dan telur",Ya,Goreng atau tumis
Kimchi,Tidak ada,Tidak ada,Ya,Lainnya
Nugget Sayur,"Tepung, Mie, dan Pasta",Lainnya,Ya,Goreng atau tumis
Gulai Pakis,Tidak ada,Tidak ada,Ya,Rebus atau kukus
Sayur Rebung Santan,Tidak ada,Tidak ada,Ya,Goreng atau tumis
Brambang Asem,Lainnya,Tidak ada,Ya,Goreng atau tumis
Toge Goreng Bogor,"Tepung, Mie, dan Pasta","Tahu, tempe, dan telur",Ya,Lainnya
Semur Terong,Tidak ada,Tidak ada,Ya,Rebus atau kukus
Gado Gado Padang,Beras dan olahannya,"Tahu, tempe, dan telur",Ya,Lainnya
Tumis Genjer,Tidak ada,Tidak ada,Ya,Goreng atau tumis
Tahu Tauco,Tidak ada,"Tahu, tempe, dan telur",Tidak,Goreng atau tumis
Tempe Mendol,Tidak ada,"Tahu, tempe, dan telur",Tidak,Goreng atau tumis
Perkedel Daging,Lainnya,Ayam dan daging,Tidak,Goreng atau tumis
Rolade Tahu Daun Singkong,"Tepung, Mie, dan Pasta","Tahu, tempe, dan telur",Ya,Lainnya
Kangkung Saus Tiram,Tidak ada,Tidak ada,Ya,Goreng atau tumis
Kangkung Tauco,Tidak ada,Lainnya,Ya,Goreng atau tumis
Bakwan Tahu,"Tepung, Mie, dan Pasta","Tahu, tempe, dan telur",Ya,Goreng atau tumis
Tumis Pakcoy,Tidak ada,Tidak ada,Ya,Goreng atau tumis
Kering Kentang Tempe Pedas,Tidak ada,"Tahu, tempe, dan telur",Tidak,Goreng atau tumis
Urap Bali,Tidak ada,Tidak ada,Ya,Rebus atau kukus
Semur Jengkol Betawi,Tidak ada,Lainnya,Tidak,Rebus atau kukus
Onion Rings,"Tepung, Mie, dan Pasta",Tidak ada,Tidak,Goreng atau tumis
Gudeg Asli Jogja Komplit (Gudeg Kering),Tidak ada,Ayam dan daging,Ya,Lainnya
Kering Tempe (Orek Tempe),Tidak ada,"Tahu, tempe, dan telur",Tidak,Goreng atau tumis
Lontong Sayur Padang,Beras dan olahannya,"Tahu, tempe, dan telur",Ya,Rebus atau kukus
Urap Sayur,Tidak ada,Tidak ada,Ya,Rebus atau kukus
Plecing Kangkung,Tidak ada,Tidak ada,Ya,Rebus atau kukus
Tumis Bunga Pepaya,Tidak ada,Tidak ada,Ya,Goreng atau tumis
Mashed Potato,Lainnya,Tidak ada,Tidak,Rebus atau kukus
Sayur Nangka Kapau,Tidak ada,Tidak ada,Ya,Rebus atau kukus
Perkedel Kentang,Lainnya,Tidak ada,Tidak,Goreng atau tumis
Sayur Lodeh,Tidak ada,Tidak ada,Ya,Rebus atau kukus
Tempe Balado,Tidak ada,"Tahu, tempe, dan telur",Ya,Goreng atau tumis
Kangkung Belacan,Tidak ada,Tidak ada,Ya,Goreng atau tumis
Pepes Jamur,Tidak ada,Lainnya,Ya,Rebus atau kukus
Ketoprak,Tidak ada,"Tahu, tempe, dan telur",Ya,Rebus atau kukus
Bakwan Udang,"Tepung, Mie, dan Pasta",Ikan dan Seafood,Ya,Goreng atau tumis
Tumis Jamur,Tidak ada,Lainnya,Ya,Goreng atau tumis
Tumis Capcay,Tidak ada,Lainnya,Ya,Goreng atau tumis
Tumis Jantung Pisang,Tidak ada,Tidak ada,Ya,Goreng atau tumis
Lodeh Terong Santan,Tidak ada,Tidak ada,Ya,Rebus atau kukus
Botok,Tidak ada,Ikan dan Seafood,Tidak,Rebus atau kukus
Acar Timun,Tidak ada,Tidak ada,Ya,Lainnya
Tumis Pare,Tidak ada,Tidak ada,Ya,Goreng atau tumis
Tumis Bokcoy,Tidak ada,Tidak ada,Ya,Goreng atau tumis
Sayur Asem Jawa Tengah,Tidak ada,Tidak ada,Ya,Rebus atau kukus
Sayur Bobor Bayam,Tidak ada,Tidak ada,Ya,Rebus atau kukus
Pecel Sayur,Tidak ada,Tidak ada,Ya,Rebus atau kukus
Karedok,Tidak ada,Tidak ada,Ya,Lainnya
Tumis Oncom Leunca (Ulukutek Leunca),Tidak ada,Lainnya,Ya,Goreng atau tumis
Tumis Labu Siam,Tidak ada,Tidak ada,Ya,Goreng atau tumis
Tumis Buncis Udang,Tidak ada,Ikan dan Seafood,Ya,Goreng atau tumis
Salad Buah (Fruit),Tidak ada,Tidak ada,Tidak,Lainnya
Bakwan Dadar Jagung,"Tepung, Mie, dan Pasta",Tidak ada,Ya,Goreng atau tumis
Gado Gado Betawi,Lainnya,"Tahu, tempe, dan telur",Ya,Rebus atau kukus
Bakwan Sayur (Bala Bala),"Tepung, Mie, dan Pasta",Tidak ada,Ya,Goreng atau tumis
Tumis Baby Kailan,Tidak ada,Tidak ada,Ya,Goreng atau tumis
Sayur Asem Sunda,Tidak ada,Tidak ada,Ya,Rebus atau kukus
Jamur Krispi,"Tepung, Mie, dan Pasta",Lainnya,Tidak,Goreng atau tumis
Rendang Jengkol,Tidak ada,Lainnya,Tidak,Rebus atau kukus
Burgo,"Tepung, Mie, dan Pasta",Lainnya,Tidak,Lainnya
Sayur Oyong Bening Soun,Tidak ada,Tidak ada,Ya,Rebus atau kukus
Sayur Bayam Bening,Tidak ada,Tidak ada,Ya,Rebus atau kukus
Jengkol Balado,Tidak ada,Lainnya,Tidak,Goreng atau tumis
Gulai Daun Singkong,Tidak ada,Tidak ada,Ya,Rebus atau kukus
Pecel Terong,Tidak ada,Tidak ada,Ya,Lainnya
Jamur Enoki Krispi Goreng,"Tepung, Mie, dan Pasta",Lainnya,Tidak,Goreng atau tumis
Rujak Es Krim,Tidak ada,Lainnya,Tidak,Lainnya
Tumis Kacang Panjang,Tidak ada,Tidak ada,Ya,Goreng atau tumis
Rujak Cingur,Beras dan olahannya,Ayam dan daging,Ya,Rebus atau kukus
Tumis Sawi Putih,Tidak ada,Tidak ada,Ya,Goreng atau tumis
Semur Tahu,Tidak ada,"Tahu, tempe, dan telur",Tidak,Rebus atau kukus
Terong Bakar,Tidak ada,Tidak ada,Ya,Panggang atau bakar
Trancam,Tidak ada,Tidak ada,Ya,Lainnya
Tumis Kembang Turi Teri,Tidak ada,Ikan dan Seafood,Ya,Goreng atau tumis
Tumis Tauge,Tidak ada,Tidak ada,Ya,Goreng atau tumis
Tumis Jamur Kancing,Tidak ada,Lainnya,Tidak,Goreng atau tumis
Sayur Katuk Kuah Santan,Tidak ada,Tidak ada,Ya,Rebus atau kukus
Tumis Kangkung,Tidak ada,Tidak ada,Ya,Goreng atau tumis
Sambal Oncom,Tidak ada,"Tahu, tempe, dan telur",Tidak,Lainnya
Sambal Cumi,Tidak ada,Ikan dan Seafood,Tidak,Lainnya
Sambal Soto,Tidak ada,Tidak ada,Tidak,Lainnya
Sambal Tuk Tuk,Tidak ada,Ikan dan Seafood,Tidak,Lainnya
Sambal Nanas,Tidak ada,Tidak ada,Tidak,Lainnya
Sambal Pencok Kacang Panjang,Tidak ada,Lainnya,Ya,Lainnya
Sambal Belut,Tidak ada,Lainnya,Tidak,Lainnya
Sambal Pecak,Tidak ada,Tidak ada,Tidak,Lainnya
Sambal Embe,Tidak ada,Tidak ada,Tidak,Lainnya
Sambal Dabu Dabu,Tidak ada,Tidak ada,Tidak,Lainnya
Sambal Kemangi,Tidak ada,Tidak ada,Ya,Lainnya
Sambal Bajak,Tidak ada,Tidak ada,Tidak,Lainnya
Sambal Lalapan,Tidak ada,Tidak ada,Tidak,Lainnya
Sambal Kencur,Tidak ada,Tidak ada,Tidak,Lainnya
Sambal Pecel,Tidak ada,Lainnya,Tidak,Lainnya
Sambal Tahu Goreng,Tidak ada,"Tahu, tempe, dan telur",Tidak,Goreng atau tumis
Sambal Bada,Tidak ada,Ikan dan Seafood,Tidak,Lainnya
Sambal Petis,Tidak ada,Lainnya,Tidak,Lainnya
Sambal Matah Kecombrang,Tidak ada,Tidak ada,Tidak,Lainnya
Sambal Korek,Tidak ada,Tidak ada,Tidak,Lainnya
Sambal Terong,Tidak ada,Tidak ada,Ya,Goreng atau tumis
Sambal Bawang,Tidak ada,Tidak ada,Tidak,Lainnya
Sambal Teri,Tidak ada,Ikan dan Seafood,Tidak,Goreng atau tumis
Sambal Tomat,Tidak ada,Tidak ada,Tidak,Goreng atau tumis
Sambal Ijo,Tidak ada,Tidak ada,Tidak,Lainnya
Sambal Cibiuk,Tidak ada,Tidak ada,Ya,Lainnya
Sambal Pete,Tidak ada,Tidak ada,Ya,Goreng atau tumis
Sambal Kecap,Tidak ada,Lainnya,Tidak,Lainnya
Sambal Mangga Muda (Pencit),Tidak ada,Tidak ada,Tidak,Lainnya
Sambal Terasi,Tidak ada,Ikan dan Seafood,Tidak,Lainnya
Balado Kentang,Tidak ada,Tidak ada,Tidak,Goreng atau tumis
Sambal Goang,Tidak ada,Tidak ada,Ya,Lainnya
Sambal Tempoyak Udang,Tidak ada,Ikan dan Seafood,Tidak,Goreng atau tumis
Spaghetti Brulee,"Tepung, Mie, dan Pasta",Ayam dan daging,Tidak,Lainnya
Nasi Daun Jeruk,Beras dan olahannya,Lainnya,Ya,Rebus atau kukus
Indomie Seblak,"Tepung, Mie, dan Pasta",Lainnya,Tidak,Rebus atau kukus
Mie Tek Tek Kuah,"Tepung, Mie, dan Pasta",Lainnya,Tidak,Lainnya
Mie Goreng Basah,"Tepung, Mie, dan Pasta",Lainnya,Tidak,Lainnya
Kimbab,Beras dan olahannya,Lainnya,Ya,Lainnya
Nasi Mandhi,Beras dan olahannya,Lainnya,Tidak,Rebus atau kukus
Bola Bola Mie,"Tepung, Mie, dan Pasta",Lainnya,Tidak,Goreng atau tumis
Ketupat,Beras dan olahannya,Tidak ada,Tidak,Rebus atau kukus
Nasi Ayam Semarang,Beras dan olahannya,Ayam dan daging,Tidak,Rebus atau kukus
Nasi Tiwul,Beras dan olahannya,Tidak ada,Tidak,Rebus atau kukus
Risotto,"Tepung, Mie, dan Pasta",Ayam dan daging,Tidak,Lainnya
Mie Goreng Nyemek,"Tepung, Mie, dan Pasta",Lainnya,Tidak,Lainnya
Bubur Korea (Dakjuk),Beras dan olahannya,Ayam dan daging,Tidak,Rebus atau kukus
Nasi Gemuk,Beras dan olahannya,Lainnya,Ya,Lainnya
Nasi Tomat,Beras dan olahannya,Lainnya,Tidak,Lainnya
Mie Kuah Ikan Bangka,"Tepung, Mie, dan Pasta",Ikan dan Seafood,Tidak,Rebus atau kukus
Mie Sagu Kuah,"Tepung, Mie, dan Pasta",Lainnya,Tidak,Rebus atau kukus
Cwie Mie Malang,"Tepung, Mie, dan Pasta",Ayam dan daging,Ya,Lainnya
Pad Thai,"Tepung, Mie, dan Pasta",Ayam dan daging,Ya,Goreng atau tumis
Nasi Goreng Nanas Khas Thailand,Beras dan olahannya,Lainnya,Tidak,Goreng atau tumis
Nasi Padang,Beras dan olahannya,Lainnya,Ya,Lainnya
Jajangmyeon,"Tepung, Mie, dan Pasta",Ayam dan daging,Tidak,Rebus atau kukus
Nasi Kapau,Beras dan olahannya,Lainnya,Tidak,Lainnya
Mie Ayam Bangka,"Tepung, Mie, dan Pasta",Ayam dan daging,Ya,Lainnya
Macaroni Cheese (Mac n cheese),"Tepung, Mie, dan Pasta",Lainnya,Tidak,Panggang atau bakar
Spaghetti Rendang,"Tepung, Mie, dan Pasta",Ayam dan daging,Tidak,Lainnya
Mie Cakalang,"Tepung, Mie, dan Pasta",Ikan dan Seafood,Tidak,Rebus atau kukus
Mie Kuah Susu,"Tepung, Mie, dan Pasta",Lainnya,Tidak,Rebus atau kukus
Mie Tarempa,"Tepung, Mie, dan Pasta",Ikan dan Seafood,Tidak,Lainnya
Mie Aceh Kuah,"Tepung, Mie, dan Pasta",Ikan dan Seafood,Tidak,Rebus atau kukus
Mie Tulang Bandung,"Tepung, Mie, dan Pasta",Ayam dan daging,Tidak,Rebus atau kukus
Nasi Goreng Shirataki,Beras dan olahannya,Lainnya,Tidak,Goreng atau tumis
Nasi Rames,Beras dan olahannya,Lainnya,Ya,Lainnya
Laksa Bogor,"Tepung, Mie, dan Pasta","Tahu, tempe, dan telur",Tidak,Rebus atau kukus
Nasi Tim Bayi,Beras dan olahannya,Ayam dan daging,Tidak,Lainnya
Nasi Telur Korea,Beras dan olahannya,"Tahu, tempe, dan telur",Tidak,Lainnya
Mie Ayam Solo,"Tepung, Mie, dan Pasta",Ayam dan daging,Ya,Lainnya
Loco Moco,Beras dan olahannya,Lainnya,Tidak,Lainnya
Beef Pho Vietnam,"Tepung, Mie, dan Pasta",Ayam dan daging,Ya,Rebus atau kukus
Mie Tiaw Goreng Ayam,"Tepung, Mie, dan Pasta",Ayam dan daging,Tidak,Goreng atau tumis
Bubur Ayam Cianjur,Beras dan olahannya,Ayam dan daging,Tidak,Lainnya
Nasi Bakar Ikan Tongkol,Beras dan olahannya,Ikan dan Seafood,Tidak,Panggang atau bakar
Sate Kribo,"Tepung, Mie, dan Pasta",Lainnya,Tidak,Panggang atau bakar
Ramen,"Tepung, Mie, dan Pasta",Ayam dan daging,Tidak,Rebus atau kukus
Mie Korea Ramyeon,"Tepung, Mie, dan Pasta",Ayam dan daging,Tidak,Rebus atau kukus
Mie Shirataki Goreng,"Tepung, Mie, dan Pasta",Lainnya,Tidak,Goreng atau tumis
Nasi Goreng Tek Tek (Abang Kaki Lima),Beras dan olahannya,Lainnya,Tidak,Goreng atau tumis
Spaghetti Seafood Marinara,"Tepung, Mie, dan Pasta",Ikan dan Seafood,Tidak,Lainnya
Indomie Goreng,"Tepung, Mie, dan Pasta",Lainnya,Tidak,Goreng atau tumis
Bubur Ayam Cirebon,Beras dan olahannya,Ayam dan daging,Tidak,Lainnya
Nasi Bakar Bandung Sunda,Beras dan olahannya,Lainnya,Tidak,Panggang atau bakar
Mie Setan,"Tepung, Mie, dan Pasta",Ayam dan daging,Tidak,Lainnya
Nasi Campur Bali,Beras dan olahannya,Lainnya,Ya,Lainnya
Mie Pangsit,"Tepung, Mie, dan Pasta",Ayam dan daging,Tidak,Rebus atau kukus
Martabak Mie,"Tepung, Mie, dan Pasta","Tahu, tempe, dan telur",Tidak,Goreng atau tumis
Nasi Lengko,Beras dan olahannya,"Tahu, tempe, dan telur",Ya,Lainnya
Nasi Ulam,Beras dan olahannya,Lainnya,Ya,Lainnya
Nasi Godog Khas Magelang,Beras dan olahannya,Lainnya,Ya,Lainnya
Nasi Goreng Magelangan,Beras dan olahannya,Lainnya,Tidak,Goreng atau tumis
Laksa Mie,"Tepung, Mie, dan Pasta",Ikan dan Seafood,Ya,Rebus atau kukus
Mie Lidi Goreng,"Tepung, Mie, dan Pasta",Tidak ada,Tidak,Goreng atau tumis
Papeda Cilung,"Tepung, Mie, dan Pasta","Tahu, tempe, dan telur",Tidak,Goreng atau tumis
Nasi Tempong,Beras dan olahannya,Lainnya,Ya,Lainnya
Bakwan Mie,"Tepung, Mie, dan Pasta",Tidak ada,Tidak,Goreng atau tumis
Baked Rice (Nasi Panggang),Beras dan olahannya,Lainnya,Tidak,Panggang atau bakar
Mie Ongklok,"Tepung, Mie, dan Pasta",Ayam dan daging,Tidak,Lainnya
Mie Gomak Goreng,"Tepung, Mie, dan Pasta",Lainnya,Tidak,Goreng atau tumis
Cireng Nasi,Beras dan olahannya,Tidak ada,Tidak,Goreng atau tumis
Nasi Goreng Merah,Beras dan olahannya,Lainnya,Tidak,Goreng atau tumis
Mie Ayam Jamur,"Tepung, Mie, dan Pasta",Lainnya,Ya,Lainnya
Kwetiau Siram,"Tepung, Mie, dan Pasta",Lainnya,Ya,Lainnya
Nasi Kebuli Ayam,Beras dan olahannya,Ayam dan daging,Tidak,Lainnya
Mie Titi,"Tepung, Mie, dan Pasta",Lainnya,Ya,Lainnya
Nasi Goreng Telur,Beras dan olahannya,"Tahu, tempe, dan telur",Tidak,Goreng atau tumis
Pangsit Goreng,"Tepung, Mie, dan Pasta",Ayam dan daging,Tidak,Goreng atau tumis
Mie Goreng Seafood,"Tepung, Mie, dan Pasta",Ikan dan Seafood,Ya,Goreng atau tumis
Nasi Goreng Rendang,Beras dan olahannya,Ayam dan daging,Tidak,Goreng atau tumis
Bakmoy,Beras dan olahannya,Lainnya,Ya,Rebus atau kukus
Mie Celor,Beras dan olahannya,Ikan dan Seafood,Tidak,Rebus atau kukus
Nasi Bakar Ati Ampela,Beras dan olahannya,Ayam dan daging,Tidak,Panggang atau bakar
Ifumie,"Tepung, Mie, dan Pasta",Ikan dan Seafood,Ya,Lainnya
Lontong Balap,Beras dan olahannya,"Tahu, tempe, dan telur",Ya,Lainnya
Misoa Kuah,"Tepung, Mie, dan Pasta",Ikan dan Seafood,Ya,Rebus atau kukus
Soun Kuah,"Tepung, Mie, dan Pasta",Lainnya,Ya,Rebus atau kukus
Nasi Megono,Beras dan olahannya,Lainnya,Ya,Lainnya
Ayam Hainan,Tidak ada,Ayam dan daging,Tidak,Lainnya
Bibimbap,Beras dan olahannya,Lainnya,Ya,Lainnya
Nasi Bakar Cumi (Sambalado Cumi),Beras dan olahannya,Ikan dan Seafood,Tidak,Panggang atau bakar
Bread Pudding (Puding Roti Tawar),"Tepung, Mie, dan Pasta",Lainnya,Tidak,Lainnya
Pastel Tutup Klasik,"Tepung, Mie, dan Pasta",Lainnya,Tidak,Panggang atau bakar
Nasi Goreng Gila,Beras dan olahannya,Lainnya,Tidak,Goreng atau tumis
Kari Bihun Medan,"Tepung, Mie, dan Pasta",Ikan dan Seafood,Tidak,Rebus atau kukus
Nasi Goreng Sapi,Beras dan olahannya,Ayam dan daging,Tidak,Goreng atau tumis
Nasi Bakar Teri (Sambel Teri Cabai Hijau),Beras dan olahannya,Ikan dan Seafood,Tidak,Panggang atau bakar
Nasi Goreng Seafood,Beras dan olahannya,Ikan dan Seafood,Tidak,Goreng atau tumis
Nasi Goreng Kambing,Beras dan olahannya,Ayam dan daging,Tidak,Goreng atau tumis
Nasi Goreng Kampung,Beras dan olahannya,"Tahu, tempe, dan telur",Tidak,Goreng atau tumis
Nasi Goreng Oriental,Beras dan olahannya,Lainnya,Tidak,Goreng atau tumis
Nasi Goreng Aceh,Beras dan olahannya,Lainnya,Tidak,Goreng atau tumis
Spaghetti Carbonara,"Tepung, Mie, dan Pasta",Ayam dan daging,Tidak,Lainnya
Soun Goreng,"Tepung, Mie, dan Pasta",Lainnya,Ya,Goreng atau tumis
Bihun Kuah,"Tepung, Mie, dan Pasta",Lainnya,Ya,Rebus atau kukus
Bubur Ayam,Beras dan olahannya,Ayam dan daging,Tidak,Lainnya
Mie Yamin Bandung,"Tepung, Mie, dan Pasta",Ayam dan daging,Ya,Lainnya
Nasi Tutug Oncom,Beras dan olahannya,"Tahu, tempe, dan telur",Tidak,Lainnya
Bihun Goreng Isi Special,"Tepung, Mie, dan Pasta",Lainnya,Ya,Goreng atau tumis
Nasi Goreng Kikil Cabe Hijau,Beras dan olahannya,Ayam dan daging,Tidak,Goreng atau tumis
Nasi Goreng Terasi (Belacan),Beras dan olahannya,Lainnya,Tidak,Goreng atau tumis
Spaghetti Bolognese Meatballs (Bola-bola Daging),"Tepung, Mie, dan Pasta",Ayam dan daging,Tidak,Lainnya
Nasi Goreng Teri,Beras dan olahannya,Ikan dan Seafood,Tidak,Goreng atau tumis
Mie Goreng Jawa,"Tepung, Mie, dan Pasta",Lainnya,Tidak,Goreng atau tumis
Kentang Goreng (French Fries & Potato Wedges),Lainnya,Tidak ada,Tidak,Goreng atau tumis
Fettucini Carbonara,"Tepung, Mie, dan Pasta",Ayam dan daging,Tidak,Lainnya
Rice Ball Minion,Beras dan olahannya,Lainnya,Tidak,Lainnya
Nasi Krawu,Beras dan olahannya,Ayam dan daging,Tidak,Lainnya
Mie Kocok Bandung,"Tepung, Mie, dan Pasta",Ayam dan daging,Tidak,Lainnya
Macaroni Schotel,"Tepung, Mie, dan Pasta",Ayam dan daging,Tidak,Panggang atau bakar
Kwetiau Kuah,"Tepung, Mie, dan Pasta",Lainnya,Ya,Rebus atau kukus
Nasi Bakar Ayam Suwir,Beras dan olahannya,Ayam dan daging,Tidak,Panggang atau bakar
Nasi Liwet Sunda Teri,Beras dan olahannya,Ikan dan Seafood,Tidak,Lainnya
Mie Godog Jawa (Mie Rebus Jawa),"Tepung, Mie, dan Pasta",Lainnya,Tidak,Rebus atau kukus
Nasi Uduk Betawi Komplit,Beras dan olahannya,Lainnya,Tidak,Lainnya
Nasi Timbel Komplit,Beras dan olahannya,Lainnya,Tidak,Lainnya
Nasi Goreng Pete,Beras dan olahannya,Lainnya,Tidak,Goreng atau tumis
Nasi Goreng Kuning Kunyit,Beras dan olahannya,Lainnya,Tidak,Goreng atau tumis
Japchae,"Tepung, Mie, dan Pasta",Ikan dan Seafood,Ya,Goreng atau tumis
Nasi Kebuli Kambing,Beras dan olahannya,Ayam dan daging,Tidak,Lainnya
Nasi Tim Ayam,Beras dan olahannya,Ayam dan daging,Tidak,Lainnya
Mie Sayur Hijau Bayam,"Tepung, Mie, dan Pasta",Lainnya,Ya,Lainnya
Mie Goreng Aceh,"Tepung, Mie, dan Pasta",Ikan dan Seafood,Tidak,Goreng atau tumis
Spaghetti Aglio Olio,"Tepung, Mie, dan Pasta",Ayam dan daging,Tidak,Lainnya
Nasi Goreng Padang,Beras dan olahannya,Lainnya,Tidak,Goreng atau tumis
Nasi Goreng Jawa,Beras dan olahannya,Lainnya,Tidak,Goreng atau tumis
Makaroni Keju Kukus,"Tepung, Mie, dan Pasta",Lainnya,Tidak,Rebus atau kukus
Lasagna Panggang,"Tepung, Mie, dan Pasta",Ayam dan daging,Tidak,Panggang atau bakar
Makaroni Goreng,"Tepung, Mie, dan Pasta",Lainnya,Tidak,Goreng atau tumis
Nasi Kuning Komplit,Beras dan olahannya,Lainnya,Ya,Lainnya
Tinutuan,Beras dan olahannya,Tidak ada,Ya,Rebus atau kukus
Donat Mie,"Tepung, Mie, dan Pasta","Tahu, tempe, dan telur",Tidak,Goreng atau tumis
Nasi Lemak Lengkap,Beras dan olahannya,Ayam dan daging,Tidak,Lainnya
Bakso Mercon,"Tepung, Mie, dan Pasta",Ayam dan daging,Tidak,Rebus atau kukus
Sup Merah,Tidak ada,Ayam dan daging,Ya,Rebus atau kukus
Sup Matahari,Tidak ada,Lainnya,Ya,Rebus atau kukus
Soto Sokaraja,"Tepung, Mie, dan Pasta",Ayam dan daging,Ya,Lainnya
Bakso Aci Tulang Rangu,"Tepung, Mie, dan Pasta",Ayam dan daging,Tidak,Rebus atau kukus
Sup Ikan Gabus,Tidak ada,Ikan dan Seafood,Tidak,Rebus atau kukus
Sundubu Jjigae,Tidak ada,Lainnya,Ya,Rebus atau kukus
Soto Pacitan,"Tepung, Mie, dan Pasta",Ayam dan daging,Ya,Lainnya
Sop Ayam Suwir,Tidak ada,Ayam dan daging,Tidak,Rebus atau kukus
Soto Kuah,"Tepung, Mie, dan Pasta",Ayam dan daging,Ya,Rebus atau kukus
Soto Daging Sapi Madura,"Tepung, Mie, dan Pasta",Ayam dan daging,Tidak,Lainnya
Miso Soup,Tidak ada,"Tahu, tempe, dan telur",Ya,Rebus atau kukus
Tom Yam Ayam,Tidak ada,Ayam dan daging,Ya,Rebus atau kukus
Soto Sulung,"Tepung, Mie, dan Pasta",Ayam dan daging,Ya,Lainnya
Bakso Sapi (Pentol Daging Asli),"Tepung, Mie, dan Pasta",Ayam dan daging,Tidak,Rebus atau kukus
Bakso Bakar Sapi,"Tepung, Mie, dan Pasta",Ayam dan daging,Tidak,Panggang atau bakar
Bakso Bakar Pedas Manis,"Tepung, Mie, dan Pasta",Ayam dan daging,Tidak,Panggang atau bakar
Bakso Solo,"Tepung, Mie, dan Pasta",Ayam dan daging,Tidak,Rebus atau kukus
Soto Babat,"Tepung, Mie, dan Pasta",Ayam dan daging,Tidak,Rebus atau kukus
Cream Soup Ayam,"Tepung, Mie, dan Pasta",Ayam dan daging,Tidak,Rebus atau kukus
Sup Makaroni,"Tepung, Mie, dan Pasta",Lainnya,Tidak,Rebus atau kukus
Soto Tangkar,"Tepung, Mie, dan Pasta",Ayam dan daging,Tidak,Rebus atau kukus
Bakso Malang,"Tepung, Mie, dan Pasta",Ayam dan daging,Tidak,Rebus atau kukus
Shabu Shabu,Tidak ada,Ayam dan daging,Ya,Rebus atau kukus
Soto Ambengan,"Tepung, Mie, dan Pasta",Ayam dan daging,Ya,Rebus atau kukus
Bakso Lo Hoa,"Tepung, Mie, dan Pasta",Ayam dan daging,Ya,Rebus atau kukus
Sop Ikan Nila Batam,Tidak ada,Ikan dan Seafood,Ya,Rebus atau kukus
Sup Jagung Kepiting,Tidak ada,Ikan dan Seafood,Tidak,Rebus atau kukus
Bakso Urat,"Tepung, Mie, dan Pasta",Ayam dan daging,Tidak,Rebus atau kukus
Soto Ayam Bening,"Tepung, Mie, dan Pasta",Ayam dan daging,Ya,Rebus atau kukus
Soto Ceker,"Tepung, Mie, dan Pasta",Ayam dan daging,Ya,Rebus atau kukus
Tauto Pekalongan,"Tepung, Mie, dan Pasta",Ayam dan daging,Ya,Rebus atau kukus
Sayur Sop Ayam,Lainnya,Ayam dan daging,Ya,Rebus atau kukus
Soto Kuning Bogor,Lainnya,Ayam dan daging,Tidak,Rebus atau kukus
Soto Betawi,Lainnya,Ayam dan daging,Ya,Rebus atau kukus
Sop Konro,Tidak ada,Ayam dan daging,Tidak,Rebus atau kukus
Coto Makassar,Tidak ada,Ayam dan daging,Ya,Rebus atau kukus
Tekwan,"Tepung, Mie, dan Pasta",Ikan dan Seafood,Ya,Rebus atau kukus
Soto Banjar,"Tepung, Mie, dan Pasta",Ayam dan daging,Ya,Rebus atau kukus
Sop Buntut,Tidak ada,Ayam dan daging,Tidak,Rebus atau kukus
Sup Kacang Merah Daging Sapi,Tidak ada,Ayam dan daging,Tidak,Rebus atau kukus
Sop Iga Sapi,Tidak ada,Ayam dan daging,Tidak,Rebus atau kukus
Soto Ayam Santan Medan,"Tepung, Mie, dan Pasta",Ayam dan daging,Tidak,Rebus atau kukus
Sup Ikan Gurame,Tidak ada,Ikan dan Seafood,Tidak,Rebus atau kukus
Sop Bakso,"Tepung, Mie, dan Pasta",Ayam dan daging,Ya,Rebus atau kukus
Soto Padang,"Tepung, Mie, dan Pasta",Ayam dan daging,Ya,Rebus atau kukus
Soto Kudus,"Tepung, Mie, dan Pasta",Ayam dan daging,Ya,Rebus atau kukus
Sup Ikan Kakap,Tidak ada,Ikan dan Seafood,Tidak,Rebus atau kukus
Soto Mie Bogor,"Tepung, Mie, dan Pasta",Ayam dan daging,Tidak,Rebus atau kukus
Sop Manten,Lainnya,Ayam dan daging,Ya,Rebus atau kukus
Bubur (Jenang) Jagung,Lainnya,Lainnya,Tidak,Lainnya
Sop Ayam Kampung,Tidak ada,Ayam dan daging,Tidak,Rebus atau kukus
Bakso Goreng (Basreng),"Tepung, Mie, dan Pasta",Lainnya,Tidak,Goreng atau tumis
Sop Sayur,Tidak ada,Lainnya,Ya,Rebus atau kukus
Tom Yam Seafood Udang Ikan,Tidak ada,Ikan dan Seafood,Ya,Rebus atau kukus
Seblak Basah Bandung,"Tepung, Mie, dan Pasta",Ayam dan daging,Tidak,Rebus atau kukus
Soto Ayam Kuning Lamongan,"Tepung, Mie, dan Pasta",Ayam dan daging,Ya,Rebus atau kukus
Sop Kimlo,"Tepung, Mie, dan Pasta","Tahu, tempe, dan telur",Ya,Rebus atau kukus
Sup Asparagus Krim Ayam,Tidak ada,Ayam dan daging,Ya,Rebus atau kukus
Bakso Cuanki Udang,"Tepung, Mie, dan Pasta",Ikan dan Seafood,Tidak,Rebus atau kukus
Bakso Aci,"Tepung, Mie, dan Pasta",Ayam dan daging,Tidak,Rebus atau kukus
Bubur Kacang Hijau Madura,"Tepung, Mie, dan Pasta","Tahu, tempe, dan telur",Tidak,Rebus atau kukus
Sop Ubi,Lainnya,Tidak ada,Tidak,Rebus atau kukus
Sop Kambing,Tidak ada,Ayam dan daging,Tidak,Rebus atau kukus
Sup Udang,Tidak ada,Ikan dan Seafood,Ya,Rebus atau kukus
Sroto Banyumas,"Tepung, Mie, dan Pasta",Ayam dan daging,Ya,Rebus atau kukus
Soto Bandung,"Tepung, Mie, dan Pasta",Ayam dan daging,Ya,Rebus atau kukus
Sup Jamur Kancing,Tidak ada,Lainnya,Ya,Rebus atau kukus
Sup Tahu,Tidak ada,"Tahu, tempe, dan telur",Ya,Rebus atau kukus
Sup Jagung,Tidak ada,Lainnya,Ya,Rebus atau kukus
Zuppa Soup,"Tepung, Mie, dan Pasta",Ayam dan daging,Ya,Lainnya
Pilus Cikur,"Tepung, Mie, dan Pasta",Lainnya,Tidak,Goreng atau tumis
Crepes Teflon,"Tepung, Mie, dan Pasta","Tahu, tempe, dan telur",Tidak,Panggang atau bakar
Oreo Goreng,"Tepung, Mie, dan Pasta",Lainnya,Tidak,Goreng atau tumis
Gingerbread (Kue Jahe),Tidak ada,"Tahu, tempe, dan telur",Tidak,Panggang atau bakar
Kue Baruasa,"Tepung, Mie, dan Pasta","Tahu, tempe, dan telur",Tidak,Panggang atau bakar
Kue Janda Genit,"Tepung, Mie, dan Pasta","Tahu, tempe, dan telur",Tidak,Panggang atau bakar
Martabak Manis Mini,"Tepung, Mie, dan Pasta","Tahu, tempe, dan telur",Tidak,Panggang atau bakar
Bolu Chocolatos,"Tepung, Mie, dan Pasta","Tahu, tempe, dan telur",Tidak,Panggang atau bakar
Burger Bun,"Tepung, Mie, dan Pasta",Lainnya,Tidak,Lainnya
Brownies Chocolatos,"Tepung, Mie, dan Pasta","Tahu, tempe, dan telur",Tidak,Panggang atau bakar
Pancake Teflon,"Tepung, Mie, dan Pasta","Tahu, tempe, dan telur",Tidak,Lainnya
Bolu Susu Lembang,"Tepung, Mie, dan Pasta","Tahu, tempe, dan telur",Tidak,Panggang atau bakar
Kue Lontar Papua,"Tepung, Mie, dan Pasta","Tahu, tempe, dan telur",Tidak,Panggang atau bakar
Croffle,"Tepung, Mie, dan Pasta","Tahu, tempe, dan telur",Tidak,Panggang atau bakar
Kue Moho,"Tepung, Mie, dan Pasta","Tahu, tempe, dan telur",Tidak,Panggang atau bakar
Kue Jongkong,"Tepung, Mie, dan Pasta","Tahu, tempe, dan telur",Tidak,Lainnya
Hotteok,"Tepung, Mie, dan Pasta","Tahu, tempe, dan telur",Tidak,Panggang atau bakar
Kue Lapet,Beras dan olahannya,Lainnya,Tidak,Rebus atau kukus
Peanut Butter Cookies,"Tepung, Mie, dan Pasta","Tahu, tempe, dan telur",Tidak,Panggang atau bakar
Sandwich Buah,Tidak ada,Lainnya,Tidak,Lainnya
Bolu Susu,"Tepung, Mie, dan Pasta","Tahu, tempe, dan telur",Tidak,Panggang atau bakar
Egg Benedict,"Tepung, Mie, dan Pasta","Tahu, tempe, dan telur",Tidak,Lainnya
Bolu Meranti Keju,"Tepung, Mie, dan Pasta","Tahu, tempe, dan telur",Tidak,Panggang atau bakar
Kue Lapis Pepe Pandan,"Tepung, Mie, dan Pasta","Tahu, tempe, dan telur",Tidak,Panggang atau bakar
Lapis India Khas Banjar,"Tepung, Mie, dan Pasta","Tahu, tempe, dan telur",Tidak,Panggang atau bakar
Nastar Gulung,"Tepung, Mie, dan Pasta","Tahu, tempe, dan telur",Tidak,Panggang atau bakar
Kue Beng Beng,"Tepung, Mie, dan Pasta","Tahu, tempe, dan telur",Tidak,Panggang atau bakar
Long Potato,Lainnya,Tidak ada,Tidak,Goreng atau tumis
Kacang Sembunyi,Tidak ada,"Tahu, tempe, dan telur",Tidak,Lainnya
Pizza Mozzarella Jamur,"Tepung, Mie, dan Pasta",Lainnya,Tidak,Panggang atau bakar
Roti Ubi Korea,"Tepung, Mie, dan Pasta",Lainnya,Tidak,Lainnya
Marshmallow Cookies,"Tepung, Mie, dan Pasta","Tahu, tempe, dan telur",Tidak,Panggang atau bakar
Baguette,"Tepung, Mie, dan Pasta","Tahu, tempe, dan telur",Tidak,Panggang atau bakar
Banoffee Pie,"Tepung, Mie, dan Pasta","Tahu, tempe, dan telur",Tidak,Panggang atau bakar
Kue Dange,"Tepung, Mie, dan Pasta",Tidak ada,Tidak,Rebus atau kukus
Popcorn Caramel,Lainnya,Tidak ada,Tidak,Lainnya
Cornflake Cookies,"Tepung, Mie, dan Pasta",Lainnya,Tidak,Panggang atau bakar
Donat Crispy,"Tepung, Mie, dan Pasta","Tahu, tempe, dan telur",Tidak,Goreng atau tumis
Takoyaki,"Tepung, Mie, dan Pasta",Ikan dan Seafood,Tidak,Goreng atau tumis
Pizza Dough,"Tepung, Mie, dan Pasta",Tidak ada,Tidak,Panggang atau bakar
Kue Lapis Legit,"Tepung, Mie, dan Pasta","Tahu, tempe, dan telur",Tidak,Panggang atau bakar
Meringue Cookies,Tidak ada,"Tahu, tempe, dan telur",Tidak,Panggang atau bakar
Selai Srikaya,Tidak ada,Tidak ada,Tidak,Lainnya
Setup Roti Tawar,"Tepung, Mie, dan Pasta",Lainnya,Tidak,Lainnya
Pizza Tuna,"Tepung, Mie, dan Pasta",Ikan dan Seafood,Ya,Panggang atau bakar
Pizza Goreng Lipat,"Tepung, Mie, dan Pasta","Tahu, tempe, dan telur",Tidak,Goreng atau tumis
Sandwich Homemade,"Tepung, Mie, dan Pasta","Tahu, tempe, dan telur",Ya,Goreng atau tumis
Korean Garlic Bread,"Tepung, Mie, dan Pasta","Tahu, tempe, dan telur",Ya,Panggang atau bakar
Bolu Mentega,"Tepung, Mie, dan Pasta","Tahu, tempe, dan telur",Tidak,Panggang atau bakar
Pizza Mini,"Tepung, Mie, dan Pasta",Tidak ada,Tidak,Panggang atau bakar
Pizza Seafood,"Tepung, Mie, dan Pasta",Ikan dan Seafood,Ya,Panggang atau bakar
Pizza Daging Sapi,"Tepung, Mie, dan Pasta",Ayam dan daging,Ya,Panggang atau bakar
Bomboloni,"Tepung, Mie, dan Pasta","Tahu, tempe, dan telur",Tidak,Goreng atau tumis
Pizza Sosis Ayam,"Tepung, Mie, dan Pasta",Ayam dan daging,Tidak,Panggang atau bakar
Kue Ogura Pandan,"Tepung, Mie, dan Pasta","Tahu, tempe, dan telur",Tidak,Panggang atau bakar
Apem Selong,"Tepung, Mie, dan Pasta","Tahu, tempe, dan telur",Tidak,Lainnya
Selai Stroberi,Tidak ada,Tidak ada,Tidak,Lainnya
Dessert Box Coklat,"Tepung, Mie, dan Pasta","Tahu, tempe, dan telur",Tidak,Rebus atau kukus
Roti John,"Tepung, Mie, dan Pasta",Ayam dan daging,Ya,Lainnya
Pia Pia,"Tepung, Mie, dan Pasta",Tidak ada,Tidak,Panggang atau bakar
Donat Singkong,Lainnya,"Tahu, tempe, dan telur",Tidak,Goreng atau tumis
Cream Cheese,Tidak ada,Lainnya,Tidak,Lainnya
Kue Cincin,"Tepung, Mie, dan Pasta",Tidak ada,Tidak,Goreng atau tumis
Lekker Holland,"Tepung, Mie, dan Pasta","Tahu, tempe, dan telur",Tidak,Panggang atau bakar
Bagel,"Tepung, Mie, dan Pasta",Tidak ada,Tidak,Lainnya
Odading / Bolang Baling / Kue Bantal,"Tepung, Mie, dan Pasta","Tahu, tempe, dan telur",Tidak,Goreng atau tumis
Stik Keju Mozarella,"Tepung, Mie, dan Pasta","Tahu, tempe, dan telur",Tidak,Goreng atau tumis
Apem Kukus Gula Merah,"Tepung, Mie, dan Pasta",Tidak ada,Tidak,Rebus atau kukus
Kue Balok,"Tepung, Mie, dan Pasta","Tahu, tempe, dan telur",Tidak,Panggang atau bakar
Kue Bagea Sagu,"Tepung, Mie, dan Pasta","Tahu, tempe, dan telur",Tidak,Panggang atau bakar
Putri Mandi,"Tepung, Mie, dan Pasta",Tidak ada,Tidak,Rebus atau kukus
Bolu Kukus Ubi,"Tepung, Mie, dan Pasta","Tahu, tempe, dan telur",Tidak,Rebus atau kukus
Dessert Oreo Box,"Tepung, Mie, dan Pasta","Tahu, tempe, dan telur",Tidak,Panggang atau bakar
Keju Mozarella,Tidak ada,Lainnya,Tidak,Lainnya
Roti Maryam,"Tepung, Mie, dan Pasta","Tahu, tempe, dan telur",Tidak,Lainnya
Rainbow Cake Kukus,"Tepung, Mie, dan Pasta","Tahu, tempe, dan telur",Tidak,Rebus atau kukus
Crepes Pisang Coklat Keju,"Tepung, Mie, dan Pasta","Tahu, tempe, dan telur",Tidak,Lainnya
Puff Pastry,"Tepung, Mie, dan Pasta",Tidak ada,Tidak,Panggang atau bakar
Pretzel,"Tepung, Mie, dan Pasta","Tahu, tempe, dan telur",Tidak,Rebus atau kukus
Apple Strudel,"Tepung, Mie, dan Pasta","Tahu, tempe, dan telur",Tidak,Panggang atau bakar
Killer Soft Bread,"Tepung, Mie, dan Pasta","Tahu, tempe, dan telur",Tidak,Panggang atau bakar
Donat Ubi Ungu,"Tepung, Mie, dan Pasta","Tahu, tempe, dan telur",Tidak,Goreng atau tumis
Tokyo Banana,"Tepung, Mie, dan Pasta","Tahu, tempe, dan telur",Tidak,Rebus atau kukus
Butter Cookies,"Tepung, Mie, dan Pasta","Tahu, tempe, dan telur",Tidak,Panggang atau bakar
Pop Cake,"Tepung, Mie, dan Pasta",Tidak ada,Tidak,Lainnya
Swiss Roll,"Tepung, Mie, dan Pasta","Tahu, tempe, dan telur",Tidak,Panggang atau bakar
Bolu Kismis,"Tepung, Mie, dan Pasta","Tahu, tempe, dan telur",Tidak,Panggang atau bakar
Donat Pisang,"Tepung, Mie, dan Pasta","Tahu, tempe, dan telur",Tidak,Goreng atau tumis
Cake Kurma,"Tepung, Mie, dan Pasta","Tahu, tempe, dan telur",Tidak,Panggang atau bakar
Fruit Cake,"Tepung, Mie, dan Pasta","Tahu, tempe, dan telur",Tidak,Panggang atau bakar
Bingka Pisang,"Tepung, Mie, dan Pasta","Tahu, tempe, dan telur",Tidak,Lainnya
Bingka Barandam,"Tepung, Mie, dan Pasta","Tahu, tempe, dan telur",Tidak,Lainnya
Onigiri,Beras dan olahannya,Ikan dan Seafood,Tidak,Lainnya
Roti Unyil,"Tepung, Mie, dan Pasta","Tahu, tempe, dan telur",Tidak,Panggang atau bakar
Kemplang,"Tepung, Mie, dan Pasta",Ikan dan Seafood,Tidak,Panggang atau bakar
Kue Akar Kelapa,"Tepung, Mie, dan Pasta","Tahu, tempe, dan telur",Tidak,Goreng atau tumis
Kue Keciput,"Tepung, Mie, dan Pasta",Tidak ada,Tidak,Goreng atau tumis
Ketan Serundeng,Beras dan olahannya,Tidak ada,Tidak,Rebus atau kukus
Kue Talam Pisang,"Tepung, Mie, dan Pasta",Tidak ada,Tidak,Rebus atau kukus
Lemon Cake,"Tepung, Mie, dan Pasta","Tahu, tempe, dan telur",Tidak,Panggang atau bakar
Cheese Tart,"Tepung, Mie, dan Pasta","Tahu, tempe, dan telur",Tidak,Panggang atau bakar
Red Velvet,"Tepung, Mie, dan Pasta","Tahu, tempe, dan telur",Tidak,Panggang atau bakar
Kue Talam Labu Kuning,"Tepung, Mie, dan Pasta","Tahu, tempe, dan telur",Tidak,Rebus atau kukus
Nugget Pisang,"Tepung, Mie, dan Pasta","Tahu, tempe, dan telur",Tidak,Goreng atau tumis
Kue Semprit Jadul,"Tepung, Mie, dan Pasta","Tahu, tempe, dan telur",Tidak,Panggang atau bakar
French Toast,"Tepung, Mie, dan Pasta","Tahu, tempe, dan telur",Tidak,Lainnya
Bolu Ketan Hitam,"Tepung, Mie, dan Pasta","Tahu, tempe, dan telur",Tidak,Panggang atau bakar
Japanese Cheese Cake,"Tepung, Mie, dan Pasta","Tahu, tempe, dan telur",Tidak,Panggang atau bakar
Roti Bluder,"Tepung, Mie, dan Pasta","Tahu, tempe, dan telur",Tidak,Panggang atau bakar
Kue Kering Coklat,"Tepung, Mie, dan Pasta","Tahu, tempe, dan telur",Tidak,Panggang atau bakar
Kue Sagon,"Tepung, Mie, dan Pasta",Tidak ada,Tidak,Panggang atau bakar
Kue Tambang,"Tepung, Mie, dan Pasta","Tahu, tempe, dan telur",Tidak,Goreng atau tumis
Ketan Sarikaya,Beras dan olahannya,"Tahu, tempe, dan telur",Tidak,Rebus atau kukus
Roti Tawar Goreng Isi Ragout,"Tepung, Mie, dan Pasta",Ayam dan daging,Ya,Goreng atau tumis
Lidah Kucing,"Tepung, Mie, dan Pasta","Tahu, tempe, dan telur",Tidak,Panggang atau bakar
Lempeng Pisang,"Tepung, Mie, dan Pasta","Tahu, tempe, dan telur",Tidak,Lainnya
Bolu Zebra,"Tepung, Mie, dan Pasta","Tahu, tempe, dan telur",Tidak,Panggang atau bakar
Bolu Minyak,"Tepung, Mie, dan Pasta","Tahu, tempe, dan telur",Tidak,Panggang atau bakar
Kue Bugis,"Tepung, Mie, dan Pasta",Tidak ada,Tidak,Rebus atau kukus
Churros,"Tepung, Mie, dan Pasta","Tahu, tempe, dan telur",Tidak,Goreng atau tumis
Kastengel Keju,"Tepung, Mie, dan Pasta","Tahu, tempe, dan telur",Tidak,Panggang atau bakar
Bola Bola Ubi,Lainnya,Tidak ada,Tidak,Goreng atau tumis
Muffin Pisang,"Tepung, Mie, dan Pasta","Tahu, tempe, dan telur",Tidak,Panggang atau bakar
Ogura Cake Zebra,"Tepung, Mie, dan Pasta","Tahu, tempe, dan telur",Tidak,Panggang atau bakar
Cupcake Coklat dan Lemon,"Tepung, Mie, dan Pasta","Tahu, tempe, dan telur",Tidak,Lainnya
Dorayaki Isi Coklat,"Tepung, Mie, dan Pasta","Tahu, tempe, dan telur",Tidak,Panggang atau bakar
Kue Talam Jagung,"Tepung, Mie, dan Pasta","Tahu, tempe, dan telur",Tidak,Rebus atau kukus
Martabak Bangka Manis,"Tepung, Mie, dan Pasta","Tahu, tempe, dan telur",Tidak,Panggang atau bakar
Croissant,"Tepung, Mie, dan Pasta","Tahu, tempe, dan telur",Tidak,Panggang atau bakar
Milk Bath Cake (Tres Leches),"Tepung, Mie, dan Pasta","Tahu, tempe, dan telur",Tidak,Panggang atau bakar
Kuping Gajah,"Tepung, Mie, dan Pasta","Tahu, tempe, dan telur",Tidak,Goreng atau tumis
Sawut Singkong Gunung,Lainnya,Tidak ada,Tidak,Rebus atau kukus
Pisang Rai,Lainnya,Tidak ada,Tidak,Rebus atau kukus
Karipap (Curry Puff),"Tepung, Mie, dan Pasta",Ayam dan daging,Ya,Goreng atau tumis
Strudel Keju,"Tepung, Mie, dan Pasta","Tahu, tempe, dan telur",Tidak,Panggang atau bakar
Bolu Kukus Pelangi,"Tepung, Mie, dan Pasta","Tahu, tempe, dan telur",Tidak,Rebus atau kukus
Pizza Hut Teflon,"Tepung, Mie, dan Pasta",Tidak ada,Ya,Panggang atau bakar
Bolu Gulung Coklat,"Tepung, Mie, dan Pasta","Tahu, tempe, dan telur",Tidak,Panggang atau bakar
Klepon Ubi Ungu,Lainnya,Tidak ada,Tidak,Goreng atau tumis
Gabin Tape,Lainnya,Tidak ada,Tidak,Goreng atau tumis
Cilor,"Tepung, Mie, dan Pasta","Tahu, tempe, dan telur",Tidak,Lainnya
Pie Susu,"Tepung, Mie, dan Pasta","Tahu, tempe, dan telur",Tidak,Panggang atau bakar
Singkong Thailand,Lainnya,Tidak ada,Tidak,Rebus atau kukus
Jalangkote,"Tepung, Mie, dan Pasta","Tahu, tempe, dan telur",Ya,Goreng atau tumis
Panada,"Tepung, Mie, dan Pasta",Ikan dan Seafood,Tidak,Goreng atau tumis
Kue Telur Gabus,"Tepung, Mie, dan Pasta","Tahu, tempe, dan telur",Tidak,Goreng atau tumis
Donat Jadul,"Tepung, Mie, dan Pasta","Tahu, tempe, dan telur",Tidak,Goreng atau tumis
Hotang (Hotdog Kentang) / Sostang (Sosis Kentang),Lainnya,Ayam dan daging,Tidak,Goreng atau tumis
Ongol Ongol,"Tepung, Mie, dan Pasta",Tidak ada,Tidak,Rebus atau kukus
Lemper Ayam Bakar,Beras dan olahannya,Ayam dan daging,Tidak,Panggang atau bakar
Onde-Onde Isi Kacang Hijau,"Tepung, Mie, dan Pasta",Tidak ada,Tidak,Goreng atau tumis
Misro,Lainnya,Tidak ada,Tidak,Goreng atau tumis
Serabi Bandung Oncom,"Tepung, Mie, dan Pasta","Tahu, tempe, dan telur",Tidak,Lainnya
Batagor Bandung,"Tepung, Mie, dan Pasta",Ikan dan Seafood,Tidak,Goreng atau tumis
Apem Panggang,"Tepung, Mie, dan Pasta",Tidak ada,Tidak,Panggang atau bakar
Getas,"Tepung, Mie, dan Pasta",Tidak ada,Tidak,Goreng atau tumis
Getuk Lindri,Lainnya,Tidak ada,Tidak,Rebus atau kukus
Kue Lapis Hunkwe,"Tepung, Mie, dan Pasta",Tidak ada,Tidak,Rebus atau kukus
Nagasari,"Tepung, Mie, dan Pasta",Tidak ada,Tidak,Rebus atau kukus
Putu Mayang,"Tepung, Mie, dan Pasta",Tidak ada,Tidak,Rebus atau kukus
Sosis Solo,"Tepung, Mie, dan Pasta",Ayam dan daging,Tidak,Goreng atau tumis
Kue Talam Ebi,"Tepung, Mie, dan Pasta",Tidak ada,Tidak,Rebus atau kukus
Wajik Ketan,Beras dan olahannya,Tidak ada,Tidak,Rebus atau kukus
Wingko Babat,"Tepung, Mie, dan Pasta",Tidak ada,Tidak,Panggang atau bakar
Awug-Awug,"Tepung, Mie, dan Pasta",Tidak ada,Tidak,Rebus atau kukus
Kue Cucur Gula Merah,"Tepung, Mie, dan Pasta",Tidak ada,Tidak,Goreng atau tumis
Kue Lumpur Kentang,"Tepung, Mie, dan Pasta","Tahu, tempe, dan telur",Tidak,Panggang atau bakar
Lemet Singkong,Lainnya,Tidak ada,Tidak,Rebus atau kukus
Kue Ku,"Tepung, Mie, dan Pasta","Tahu, tempe, dan telur",Tidak,Rebus atau kukus
Lepet Jagung,Lainnya,Tidak ada,Tidak,Rebus atau kukus
Puding Zebra,Lainnya,"Tahu, tempe, dan telur",Tidak,Rebus atau kukus
Kue Kacang,"Tepung, Mie, dan Pasta",Tidak ada,Tidak,Panggang atau bakar
Roti Tawar,"Tepung, Mie, dan Pasta","Tahu, tempe, dan telur",Tidak,Panggang atau bakar
Roti Bakar Keju Coklat,"Tepung, Mie, dan Pasta",Tidak ada,Tidak,Panggang atau bakar
Cinnamon Roll,"Tepung, Mie, dan Pasta","Tahu, tempe, dan telur",Tidak,Panggang atau bakar
Kroket Kentang Isi Ayam Wortel,Lainnya,Ayam dan daging,Ya,Goreng atau tumis
Kue Lapis Beras,"Tepung, Mie, dan Pasta",Tidak ada,Tidak,Rebus atau kukus
Puding Jagung,"Tepung, Mie, dan Pasta",Tidak ada,Tidak,Rebus atau kukus
Muffin Coklat,"Tepung, Mie, dan Pasta","Tahu, tempe, dan telur",Tidak,Panggang atau bakar
Cake Pisang (Banana Bread),"Tepung, Mie, dan Pasta","Tahu, tempe, dan telur",Tidak,Panggang atau bakar
Bolu Gulung Pandan Keju,"Tepung, Mie, dan Pasta","Tahu, tempe, dan telur",Tidak,Panggang atau bakar
Donat Kentang,Lainnya,"Tahu, tempe, dan telur",Tidak,Goreng atau tumis
Kue Kering Nastar,"Tepung, Mie, dan Pasta","Tahu, tempe, dan telur",Tidak,Panggang atau bakar
Bika Ambon,"Tepung, Mie, dan Pasta","Tahu, tempe, dan telur",Tidak,Panggang atau bakar
Bolu Koja,"Tepung, Mie, dan Pasta","Tahu, tempe, dan telur",Tidak,Panggang atau bakar
Cente Manis,"Tepung, Mie, dan Pasta",Tidak ada,Tidak,Rebus atau kukus
Combro,Lainnya,"Tahu, tempe, dan telur",Tidak,Goreng atau tumis
Sagu Keju,"Tepung, Mie, dan Pasta","Tahu, tempe, dan telur",Tidak,Panggang atau bakar
Kue Sus Isi Vla,"Tepung, Mie, dan Pasta","Tahu, tempe, dan telur",Tidak,Panggang atau bakar
Kue Bolu Sarang Semut (Caramel Cake),"Tepung, Mie, dan Pasta","Tahu, tempe, dan telur",Tidak,Panggang atau bakar
Roti Manis,"Tepung, Mie, dan Pasta","Tahu, tempe, dan telur",Tidak,Panggang atau bakar
Chocolate Lava Cake,"Tepung, Mie, dan Pasta","Tahu, tempe, dan telur",Tidak,Panggang atau bakar
Prol Tape,Lainnya,"Tahu, tempe, dan telur",Tidak,Panggang atau bakar
Poffertjes,"Tepung, Mie, dan Pasta","Tahu, tempe, dan telur",Tidak,Lainnya
Cheese Cake Kukus (Tanpa Oven),"Tepung, Mie, dan Pasta","Tahu, tempe, dan telur",Tidak,Rebus atau kukus
Putu Ayu,"Tepung, Mie, dan Pasta","Tahu, tempe, dan telur",Tidak,Rebus atau kukus
Kue Putri Salju,"Tepung, Mie, dan Pasta","Tahu, tempe, dan telur",Tidak,Panggang atau bakar
Choco Chip Cookies (Kukis),"Tepung, Mie, dan Pasta","Tahu, tempe, dan telur",Tidak,Panggang atau bakar
Bolu Tape,Lainnya,"Tahu, tempe, dan telur",Tidak,Panggang atau bakar
Klapertart Klasik,"Tepung, Mie, dan Pasta","Tahu, tempe, dan telur",Tidak,Panggang atau bakar
Pisang Bolen Keju,"Tepung, Mie, dan Pasta","Tahu, tempe, dan telur",Tidak,Panggang atau bakar
Puding Brownies,Lainnya,"Tahu, tempe, dan telur",Tidak,Rebus atau kukus
Pie Vla Buah Mini (Fruit Tartlet),"Tepung, Mie, dan Pasta","Tahu, tempe, dan telur",Tidak,Panggang atau bakar
Kue Ketan Hitam Kukus,"Tepung, Mie, dan Pasta","Tahu, tempe, dan telur",Tidak,Rebus atau kukus
Bolu Marmer,"Tepung, Mie, dan Pasta","Tahu, tempe, dan telur",Tidak,Panggang atau bakar
Brownies Panggang Klasik,"Tepung, Mie, dan Pasta","Tahu, tempe, dan telur",Tidak,Panggang atau bakar
Pastel Isi Ayam,"Tepung, Mie, dan Pasta",Ayam dan daging,Ya,Goreng atau tumis
Roti Sobek,"Tepung, Mie, dan Pasta","Tahu, tempe, dan telur",Tidak,Panggang atau bakar
Bitterballen,"Tepung, Mie, dan Pasta","Tahu, tempe, dan telur",Tidak,Goreng atau tumis
Roti Goreng Isi Cokelat,"Tepung, Mie, dan Pasta",Tidak ada,Tidak,Goreng atau tumis
Black Forest,"Tepung, Mie, dan Pasta","Tahu, tempe, dan telur",Tidak,Panggang atau bakar
Kue Bangkit,"Tepung, Mie, dan Pasta","Tahu, tempe, dan telur",Tidak,Panggang atau bakar
Kue Talam Tepung Beras Pandan,"Tepung, Mie, dan Pasta",Tidak ada,Tidak,Rebus atau kukus
Kue Mochi,"Tepung, Mie, dan Pasta",Tidak ada,Tidak,Rebus atau kukus
Kue Gabin Ragout,"Tepung, Mie, dan Pasta",Tidak ada,Ya,Goreng atau tumis
Roti Kasur,"Tepung, Mie, dan Pasta","Tahu, tempe, dan telur",Tidak,Panggang atau bakar
Kue Leker,"Tepung, Mie, dan Pasta","Tahu, tempe, dan telur",Tidak,Lainnya
Sponge Cake Lemon,"Tepung, Mie, dan Pasta","Tahu, tempe, dan telur",Tidak,Panggang atau bakar
Kue Rangi,"Tepung, Mie, dan Pasta",Tidak ada,Tidak,Lainnya
Tiramisu,Lainnya,Tidak ada,Tidak,Lainnya
Chiffon Cake Pandan,"Tepung, Mie, dan Pasta","Tahu, tempe, dan telur",Tidak,Panggang atau bakar
Risoles Ragout Sayur,"Tepung, Mie, dan Pasta","Tahu, tempe, dan telur",Ya,Goreng atau tumis
Kue Khamir (Kamir),Lainnya,"Tahu, tempe, dan telur",Tidak,Lainnya
Bingka Kentang,Lainnya,"Tahu, tempe, dan telur",Tidak,Lainnya
Kue Lumpur Labu Kuning,"Tepung, Mie, dan Pasta","Tahu, tempe, dan telur",Tidak,Lainnya
Roti Pisang,"Tepung, Mie, dan Pasta","Tahu, tempe, dan telur",Tidak,Panggang atau bakar
Egg Tart Portuguese,"Tepung, Mie, dan Pasta","Tahu, tempe, dan telur",Tidak,Panggang atau bakar
Waffle,"Tepung, Mie, dan Pasta","Tahu, tempe, dan telur",Tidak,Panggang atau bakar
Roti Boy O (Mocha Bun),"Tepung, Mie, dan Pasta","Tahu, tempe, dan telur",Tidak,Panggang atau bakar
Mille Crepes,"Tepung, Mie, dan Pasta","Tahu, tempe, dan telur",Tidak,Lainnya
Brownies Kukus Lumer ala Amanda,"Tepung, Mie, dan Pasta","Tahu, tempe, dan telur",Tidak,Rebus atau kukus
Bolu Kukus Gula Merah,"Tepung, Mie, dan Pasta","Tahu, tempe, dan telur",Tidak,Rebus atau kukus
Kue Talam Singkong Gula Merah,Lainnya,Tidak ada,Tidak,Rebus atau kukus
Bolu Kukus Pandan,"Tepung, Mie, dan Pasta","Tahu, tempe, dan telur",Tidak,Rebus atau kukus
Bolu Kukus Pisang,"Tepung, Mie, dan Pasta",Tidak ada,Tidak,Rebus atau kukus
Pancake Pisang,"Tepung, Mie, dan Pasta","Tahu, tempe, dan telur",Tidak,Panggang atau bakar
Roti Isi Daging,"Tepung, Mie, dan Pasta",Ayam dan daging,Tidak,Goreng atau tumis
Kue Lapis Surabaya (Spikoe),"Tepung, Mie, dan Pasta","Tahu, tempe, dan telur",Tidak,Panggang atau bakar
Kue Lumpur Surga,"Tepung, Mie, dan Pasta","Tahu, tempe, dan telur",Tidak,Rebus atau kukus
Carrot Cake,"Tepung, Mie, dan Pasta","Tahu, tempe, dan telur",Ya,Panggang atau bakar
Macaroon Vanilla Oreo,Lainnya,"Tahu, tempe, dan telur",Tidak,Panggang atau bakar
Chocolate Mousse Cake,"Tepung, Mie, dan Pasta","Tahu, tempe, dan telur",Tidak,Panggang atau bakar
Brudel Keju Kukus,"Tepung, Mie, dan Pasta","Tahu, tempe, dan telur",Tidak,Rebus atau kukus
Kue Garpu,"Tepung, Mie, dan Pasta","Tahu, tempe, dan telur",Tidak,Goreng atau tumis
Cloud Bread,Lainnya,"Tahu, tempe, dan telur",Tidak,Panggang atau bakar
Almond Crispy,"Tepung, Mie, dan Pasta","Tahu, tempe, dan telur",Tidak,Panggang atau bakar
Roti Jala Kari Daging,"Tepung, Mie, dan Pasta",Ayam dan daging,Tidak,Lainnya
Apple Pie,"Tepung, Mie, dan Pasta","Tahu, tempe, dan telur",Tidak,Panggang atau bakar
Coklat Praline Kurma Kacang Mete,"Tepung, Mie, dan Pasta",Tidak ada,Tidak,Lainnya
Bolu Panggang Coklat,"Tepung, Mie, dan Pasta","Tahu, tempe, dan telur",Tidak,Panggang atau bakar
Kue Tusuk Gigi,"Tepung, Mie, dan Pasta","Tahu, tempe, dan telur",Tidak,Goreng atau tumis
Kue Tart Ulang Tahun,"Tepung, Mie, dan Pasta","Tahu, tempe, dan telur",Tidak,Rebus atau kukus
Kue Cubit,"Tepung, Mie, dan Pasta","Tahu, tempe, dan telur",Tidak,Panggang atau bakar
Sus Buah,"Tepung, Mie, dan Pasta","Tahu, tempe, dan telur",Tidak,Panggang atau bakar
Bolu Pisang,"Tepung, Mie, dan Pasta","Tahu, tempe, dan telur",Tidak,Panggang atau bakar
Kue Pancong Betawi,"Tepung, Mie, dan Pasta",Tidak ada,Tidak,Panggang atau bakar
Martabak Manis Cokelat Kacang,"Tepung, Mie, dan Pasta","Tahu, tempe, dan telur",Tidak,Panggang atau bakar
Kue Nastar Keju,"Tepung, Mie, dan Pasta","Tahu, tempe, dan telur",Tidak,Panggang atau bakar
Martabak Manis Keju Susu,"Tepung, Mie, dan Pasta","Tahu, tempe, dan telur",Tidak,Lainnya
Getuk Pisang,Lainnya,Tidak ada,Tidak,Rebus atau kukus
Pukis Keju,"Tepung, Mie, dan Pasta","Tahu, tempe, dan telur",Tidak,Panggang atau bakar
Candil Ubi Ungu,Lainnya,Tidak ada,Tidak,Rebus atau kukus
Lemang Tapai,Beras dan olahannya,Tidak ada,Tidak,Lainnya
Tela Tela Singkong,Lainnya,Tidak ada,Tidak,Goreng atau tumis
Madu Mongso,Beras dan olahannya,Tidak ada,Tidak,Rebus atau kukus
Ubi Goreng,Lainnya,Tidak ada,Tidak,Goreng atau tumis
Banana Roll,"Tepung, Mie, dan Pasta",Tidak ada,Tidak,Goreng atau tumis
Tape Ketan,Beras dan olahannya,Tidak ada,Tidak,Rebus atau kukus
Kacang Atom (Sukro) Homemade,"Tepung, Mie, dan Pasta",Tidak ada,Tidak,Goreng atau tumis
Kue Talam,"Tepung, Mie, dan Pasta",Tidak ada,Tidak,Rebus atau kukus
Bihun Gulung,"Tepung, Mie, dan Pasta","Tahu, tempe, dan telur",Tidak,Goreng atau tumis
Wedang Angsle,Beras dan olahannya,"Tahu, tempe, dan telur",Tidak,Rebus atau kukus
Telur Gulung,Lainnya,"Tahu, tempe, dan telur",Tidak,Goreng atau tumis
Choi Pan,"Tepung, Mie, dan Pasta",Tidak ada,Tidak,Rebus atau kukus
Pisang Gulung,Lainnya,Tidak ada,Tidak,Goreng atau tumis
Lontong Medan,Beras dan olahannya,Tidak ada,Ya,Lainnya
Pisang Goreng Madu,"Tepung, Mie, dan Pasta",Tidak ada,Tidak,Goreng atau tumis
Cibay Pedas,"Tepung, Mie, dan Pasta",Ayam dan daging,Tidak,Goreng atau tumis
Timus Singkong,Lainnya,Tidak ada,Tidak,Goreng atau tumis
Cucuru Bayao,Lainnya,"Tahu, tempe, dan telur",Tidak,Rebus atau kukus
Pisang Goreng Pontianak,"Tepung, Mie, dan Pasta",Tidak ada,Tidak,Panggang atau bakar
Sekoteng,Lainnya,Tidak ada,Tidak,Rebus atau kukus
Kue Mendut,"Tepung, Mie, dan Pasta",Tidak ada,Tidak,Rebus atau kukus
Rondo Royal (Tape Goreng),Lainnya,Tidak ada,Tidak,Goreng atau tumis
Lupis,Beras dan olahannya,"Tahu, tempe, dan telur",Tidak,Rebus atau kukus
Kacang Telur,"Tepung, Mie, dan Pasta","Tahu, tempe, dan telur",Tidak,Goreng atau tumis
Kue Cubit Green Tea,"Tepung, Mie, dan Pasta","Tahu, tempe, dan telur",Tidak,Lainnya
Cilok Isi Kuah,"Tepung, Mie, dan Pasta",Ayam dan daging,Tidak,Rebus atau kukus
Pisang Epe,Lainnya,Tidak ada,Tidak,Panggang atau bakar
Rempeyek Kacang Tanah,"Tepung, Mie, dan Pasta",Tidak ada,Tidak,Goreng atau tumis
Kacang Disco,"Tepung, Mie, dan Pasta",Tidak ada,Tidak,Goreng atau tumis
Jasuke,"Tepung, Mie, dan Pasta",Lainnya,Tidak,Rebus atau kukus
Kue Sakura (Bolu),"Tepung, Mie, dan Pasta","Tahu, tempe, dan telur",Tidak,Rebus atau kukus
Sala Lauak,"Tepung, Mie, dan Pasta",Ikan dan Seafood,Tidak,Goreng atau tumis
Biji Salak,Lainnya,Tidak ada,Tidak,Rebus atau kukus
Semar Mendem,Beras dan olahannya,"Tahu, tempe, dan telur",Tidak,Rebus atau kukus
Kulit Pangsit,"Tepung, Mie, dan Pasta",Tidak ada,Tidak,Goreng atau tumis
Gandasturi,"Tepung, Mie, dan Pasta","Tahu, tempe, dan telur",Tidak,Goreng atau tumis
Martabak Mesir,"Tepung, Mie, dan Pasta","Tahu, tempe, dan telur",Tidak,Goreng atau tumis
Corndog,"Tepung, Mie, dan Pasta",Tidak ada,Tidak,Goreng atau tumis
Biji Ketapang,"Tepung, Mie, dan Pasta","Tahu, tempe, dan telur",Tidak,Goreng atau tumis
Kacang Bawang,Lainnya,Tidak ada,Tidak,Goreng atau tumis
Kembang Goyang,"Tepung, Mie, dan Pasta",Tidak ada,Tidak,Goreng atau tumis
Timus Ubi,Lainnya,Ayam dan daging,Tidak,Goreng atau tumis
Peyek Udang,"Tepung, Mie, dan Pasta",Ikan dan Seafood,Tidak,Goreng atau tumis
Lumpia Basah,"Tepung, Mie, dan Pasta",Ayam dan daging,Tidak,Lainnya
Bubur Manado,Beras dan olahannya,Tidak ada,Ya,Rebus atau kukus
Barongko,Lainnya,"Tahu, tempe, dan telur",Tidak,Rebus atau kukus
Keripik Bawang,"Tepung, Mie, dan Pasta",Tidak ada,Tidak,Goreng atau tumis
Keripik Pisang,"Tepung, Mie, dan Pasta",Tidak ada,Tidak,Goreng atau tumis
Cilok,"Tepung, Mie, dan Pasta",Tidak ada,Tidak,Rebus atau kukus
Getuk Goreng,Lainnya,Tidak ada,Tidak,Goreng atau tumis
Arem-Arem,Beras dan olahannya,Ayam dan daging,Tidak,Rebus atau kukus
Carang Gesing,Lainnya,"Tahu, tempe, dan telur",Tidak,Rebus atau kukus
Bubur Ketan Hitam,Beras dan olahannya,Tidak ada,Tidak,Rebus atau kukus
Kue Mangkok,"Tepung, Mie, dan Pasta",Tidak ada,Tidak,Rebus atau kukus
Kue Pukis Coklat (Pancong),"Tepung, Mie, dan Pasta","Tahu, tempe, dan telur",Tidak,Lainnya
Cenil,"Tepung, Mie, dan Pasta",Tidak ada,Tidak,Rebus atau kukus
Dadar Gulung Isi Kelapa,"Tepung, Mie, dan Pasta","Tahu, tempe, dan telur",Tidak,Lainnya
Bubur Kacang Hijau,Lainnya,Tidak ada,Tidak,Rebus atau kukus
Cheese Stick (Stik Keju),"Tepung, Mie, dan Pasta","Tahu, tempe, dan telur",Tidak,Goreng atau tumis
Cireng Isi,"Tepung, Mie, dan Pasta",Tidak ada,Tidak,Goreng atau tumis
Bakpia Teflon Khas Yogyakarta,"Tepung, Mie, dan Pasta",Tidak ada,Tidak,Panggang atau bakar
Pisang Bakar Penyet,Lainnya,Tidak ada,Tidak,Panggang atau bakar
Bubur Sumsum,"Tepung, Mie, dan Pasta",Tidak ada,Tidak,Rebus atau kukus
Onde-Onde Ketawa,"Tepung, Mie, dan Pasta","Tahu, tempe, dan telur",Tidak,Goreng atau tumis
Bola Bola Coklat (Truffle),Lainnya,Tidak ada,Tidak,Lainnya
Jenang Gempol,Beras dan olahannya,Tidak ada,Tidak,Rebus atau kukus
Bubur Mutiara,"Tepung, Mie, dan Pasta",Tidak ada,Tidak,Rebus atau kukus
Lumpia Rebung,"Tepung, Mie, dan Pasta","Tahu, tempe, dan telur",Tidak,Lainnya
Terang Bulan,"Tepung, Mie, dan Pasta","Tahu, tempe, dan telur",Tidak,Lainnya
Martabak Bandung,"Tepung, Mie, dan Pasta","Tahu, tempe, dan telur",Tidak,Lainnya
Samosa,"Tepung, Mie, dan Pasta",Ayam dan daging,Tidak,Goreng atau tumis
Risoles Mayo,"Tepung, Mie, dan Pasta","Tahu, tempe, dan telur",Tidak,Goreng atau tumis
Misoa Goreng,"Tepung, Mie, dan Pasta",Ayam dan daging,Ya,Goreng atau tumis
Perkedel Bondon,Lainnya,"Tahu, tempe, dan telur",Tidak,Goreng atau tumis
Bubur Candil,"Tepung, Mie, dan Pasta",Tidak ada,Tidak,Rebus atau kukus
Amparan Tatak,"Tepung, Mie, dan Pasta",Tidak ada,Tidak,Rebus atau kukus
Ketan Durian,Beras dan olahannya,Tidak ada,Tidak,Rebus atau kukus
Pisang Goreng Kipas,"Tepung, Mie, dan Pasta",Tidak ada,Tidak,Goreng atau tumis
Rujak Cuka,Lainnya,Tidak ada,Ya,Lainnya
Rujak Cireng,"Tepung, Mie, dan Pasta",Tidak ada,Tidak,Lainnya
Colenak,Lainnya,Tidak ada,Tidak,Panggang atau bakar
Singkong Keju,Lainnya,Lainnya,Tidak,Goreng atau tumis
Ketan Susu,Beras dan olahannya,Lainnya,Tidak,Rebus atau kukus
Cakwe,"Tepung, Mie, dan Pasta",Tidak ada,Tidak,Goreng atau tumis
Lumpia Semarang,"Tepung, Mie, dan Pasta","Tahu, tempe, dan telur",Tidak,Goreng atau tumis
Kue Putu Bambu,"Tepung, Mie, dan Pasta",Tidak ada,Tidak,Rebus atau kukus
Tteokbokki,"Tepung, Mie, dan Pasta",Tidak ada,Tidak,Rebus atau kukus
Bakpao,"Tepung, Mie, dan Pasta",Tidak ada,Tidak,Rebus atau kukus
Bubur Kampiun,"Tepung, Mie, dan Pasta",Tidak ada,Tidak,Rebus atau kukus
Lumpia Sayur Goreng,"Tepung, Mie, dan Pasta",Tidak ada,Ya,Goreng atau tumis
Pisang Coklat Lumer (Piscok),"Tepung, Mie, dan Pasta",Tidak ada,Tidak,Goreng atau tumis
Makaroni Telur (Maklor),"Tepung, Mie, dan Pasta","Tahu, tempe, dan telur",Tidak,Goreng atau tumis
Cimol,"Tepung, Mie, dan Pasta",Tidak ada,Tidak,Goreng atau tumis
Martabak Telur,"Tepung, Mie, dan Pasta","Tahu, tempe, dan telur",Tidak,Goreng atau tumis
Gemblong Ketan Hitam,"Tepung, Mie, dan Pasta",Tidak ada,Tidak,Goreng atau tumis
Gemblong Ketan Putih,"Tepung, Mie, dan Pasta",Tidak ada,Tidak,Goreng atau tumis
Pisang Molen,"Tepung, Mie, dan Pasta","Tahu, tempe, dan telur",Tidak,Goreng atau tumis
Puding Chocolatos,Tidak ada,Lainnya,Tidak,Rebus atau kukus
Panna Cotta Strawberry,Tidak ada,Lainnya,Tidak,Rebus atau kukus
Puding Alpukat,Tidak ada,Lainnya,Tidak,Rebus atau kukus
Butterscotch Pudding,Tidak ada,"Tahu, tempe, dan telur",Tidak,Rebus atau kukus
Puding Mozaik,Tidak ada,Lainnya,Tidak,Rebus atau kukus
Kembang Tahu Wedang (Tahok),"Tepung, Mie, dan Pasta","Tahu, tempe, dan telur",Tidak,Rebus atau kukus
Puding Tape Ketan,Beras dan olahannya,Lainnya,Tidak,Rebus atau kukus
Puding Coklat Susu,Tidak ada,Lainnya,Tidak,Rebus atau kukus
Puding Lumut,Tidak ada,"Tahu, tempe, dan telur",Tidak,Rebus atau kukus
Puding Buah Naga,Tidak ada,Lainnya,Tidak,Rebus atau kukus
Puding Kelapa Muda,Tidak ada,Lainnya,Tidak,Rebus atau kukus
Puding Pepaya,Tidak ada,Lainnya,Tidak,Rebus atau kukus
Puding Ombre Ubi Ungu,Lainnya,Lainnya,Tidak,Rebus atau kukus
Silky Puding,Tidak ada,Lainnya,Tidak,Rebus atau kukus
Puding Oreo,Tidak ada,Lainnya,Tidak,Rebus atau kukus
Puding Strawberry,Tidak ada,Lainnya,Tidak,Rebus atau kukus
Puding Sutra,Tidak ada,Lainnya,Tidak,Rebus atau kukus
Puding Casablanca Pandan Coklat,Tidak ada,Lainnya,Tidak,Rebus atau kukus
Puding Karamel (Caramel Custard Pudding),Tidak ada,Lainnya,Tidak,Rebus atau kukus
Puding Regal Kopi,Tidak ada,Lainnya,Tidak,Rebus atau kukus
Puding Labu,Tidak ada,Lainnya,Tidak,Rebus atau kukus
Puding Telor Ceplok,Tidak ada,"Tahu, tempe, dan telur",Tidak,Rebus atau kukus
Puding Susu,Tidak ada,Lainnya,Tidak,Rebus atau kukus
Es Lilin Nutrijel Pelangi,"Tepung, Mie, dan Pasta",Lainnya,Tidak,Rebus atau kukus
Pudot (Puding Sedot),"Tepung, Mie, dan Pasta",Lainnya,Tidak,Rebus atau kukus
Puding Mangga,"Tepung, Mie, dan Pasta",Lainnya,Tidak,Rebus atau kukus
Puding Santan (Gula Merah),"Tepung, Mie, dan Pasta",Tidak ada,Tidak,Rebus atau kukus
Rempeyek Teri,"Tepung, Mie, dan Pasta","Tahu, tempe, dan telur",Tidak,Goreng atau tumis
Keripik Bayam,"Tepung, Mie, dan Pasta",Tidak ada,Ya,Goreng atau tumis
Keripik Singkong,Lainnya,Tidak ada,Tidak,Goreng atau tumis
Rengginang,Beras dan olahannya,Tidak ada,Tidak,Rebus atau kukus
Kerupuk Udang,"Tepung, Mie, dan Pasta",Ikan dan Seafood,Tidak,Goreng atau tumis
Kentang Mustofa,Lainnya,Tidak ada,Tidak,Goreng atau tumis
Kerupuk Nasi,Beras dan olahannya,Tidak ada,Tidak,Goreng atau tumis
Keripik Singkong Balado,Lainnya,Tidak ada,Tidak,Goreng atau tumis
Sale Pisang,Lainnya,Tidak ada,Tidak,Panggang atau bakar
MPASI 6 Bulan (Bubur Kabocha),Lainnya,Ayam dan daging,Tidak,Rebus atau kukus
Rujak Mangga Muda,Tidak ada,Tidak ada,Tidak,Lainnya
Kolak Durian,Beras dan olahannya,Tidak ada,Tidak,Rebus atau kukus
Setup Pisang,Lainnya,Tidak ada,Tidak,Rebus atau kukus
Kolak Labu,Lainnya,Tidak ada,Tidak,Rebus atau kukus
Rujak Serut,Tidak ada,Tidak ada,Tidak,Lainnya
Overnight Oat,Lainnya,Tidak ada,Tidak,Lainnya
Nanas Goreng,"Tepung, Mie, dan Pasta",Tidak ada,Tidak,Goreng atau tumis
Sorbet Buah,Tidak ada,Tidak ada,Tidak,Lainnya
Manisan Kolang Kaling,"Tepung, Mie, dan Pasta",Tidak ada,Tidak,Rebus atau kukus
Manisan Mangga,Tidak ada,Tidak ada,Tidak,Rebus atau kukus
Mango Sticky Rice,Beras dan olahannya,Tidak ada,Tidak,Rebus atau kukus
Sarabba,Tidak ada,Tidak ada,Tidak,Rebus atau kukus
Rujak Buah,"Tepung, Mie, dan Pasta",Tidak ada,Tidak,Lainnya
Lotek,"Tepung, Mie, dan Pasta",Tidak ada,Ya,Lainnya
Guacamole,Tidak ada,Tidak ada,Tidak,Lainnya
Asinan Rambutan,Tidak ada,Tidak ada,Tidak,Lainnya
Asinan Buah,Tidak ada,Tidak ada,Tidak,Lainnya
Sop Buah,Tidak ada,Tidak ada,Tidak,Lainnya
